	GeneID	chr	strand	shortSplice	longSplice	shareSplice
0	ENSMUSG00000096768	chrY	+	90793417	90793680	90816348
2	ENSMUSG00000035299	chrX	+	169927555	169927669	169966062
3	ENSMUSG00000047757	chrX	+	164995422	164995771	164995886
4	ENSMUSG00000031381	chrX	+	164422986	164423363	164427931
5	ENSMUSG00000031381	chrX	+	164422986	164423672	164427931
6	ENSMUSG00000031381	chrX	+	164423363	164423672	164427931
7	ENSMUSG00000031295	chrX	+	160586949	160586954	160588964
8	ENSMUSG00000031298	chrX	+	160458873	160458882	160461342
12	ENSMUSG00000025332	chrX	+	152271929	152271938	152272074
13	ENSMUSG00000041245	chrX	+	151236634	151236727	151236892
14	ENSMUSG00000041245	chrX	+	151293900	151294041	151294421
18	ENSMUSG00000041380	chrX	+	147169675	147169770	147193768
19	ENSMUSG00000031425	chrX	+	136832109	136832214	136833267
20	ENSMUSG00000031425	chrX	+	136832109	136832214	136834154
21	ENSMUSG00000072964	chrX	+	135886087	135886097	135886844
22	ENSMUSG00000072966	chrX	+	135840469	135840508	135840618
23	ENSMUSG00000043384	chrX	+	135751976	135752017	135778905
25	ENSMUSG00000025597	chrX	+	114543170	114543188	114549352
26	ENSMUSG00000025592	chrX	+	113814991	113815021	113815116
30	ENSMUSG00000046774	chrX	+	101798156	101798165	101798341
33	ENSMUSG00000079487	chrX	+	101293621	101293630	101293792
35	ENSMUSG00000033460	chrX	+	134718992	134719108	134719394
36	ENSMUSG00000033460	chrX	+	134718992	134719108	134719626
38	ENSMUSG00000004221	chrX	+	74427874	74427902	74432804
39	ENSMUSG00000031398	chrX	+	74333664	74333675	74333745
40	ENSMUSG00000019087	chrX	+	74301358	74301364	74301935
46	ENSMUSG00000073131	chrX	+	71816940	71817067	71820067
47	ENSMUSG00000031189	chrX	+	69523556	69523568	69544408
48	ENSMUSG00000060681	chrX	+	56620429	56620525	56622610
50	ENSMUSG00000031105	chrX	+	48624197	48624206	48625595
51	ENSMUSG00000031105	chrX	+	48624197	48624206	48628135
52	ENSMUSG00000031105	chrX	+	48624197	48624206	48629251
57	ENSMUSG00000031065	chrX	+	20696141	20696467	20696547
58	ENSMUSG00000031065	chrX	+	20697208	20697210	20698450
59	ENSMUSG00000031060	chrX	+	20645594	20645597	20645768
60	ENSMUSG00000037369	chrX	+	18277546	18277563	18278625
62	ENSMUSG00000031010	chrX	+	13165484	13165532	13166631
63	ENSMUSG00000029034	chr4	+	155885703	155886156	155886797
65	ENSMUSG00000039748	chr1	+	175881200	175881354	175882894
66	ENSMUSG00000059005	chr2	+	75659323	75659389	75661465
67	ENSMUSG00000041966	chr2	+	71086626	71086630	71087314
69	ENSMUSG00000026977	chr2	+	60241052	60241075	60243556
70	ENSMUSG00000060988	chr2	+	55073996	55074104	55098562
71	ENSMUSG00000060988	chr2	+	55073996	55074104	55112820
72	ENSMUSG00000060600	chr11	+	70657267	70657279	70657871
73	ENSMUSG00000060600	chr11	+	70661092	70661194	70661388
74	ENSMUSG00000036053	chr2	+	53130458	53130504	53131839
75	ENSMUSG00000020594	chr12	+	8744743	8744749	8747156
82	ENSMUSG00000039515	chr2	+	30426496	30426519	30428315
83	ENSMUSG00000039515	chr2	+	30438353	30439764	30443289
84	ENSMUSG00000026798	chr2	+	29790530	29790559	29795380
85	ENSMUSG00000026798	chr2	+	29790530	29790559	29795383
86	ENSMUSG00000040875	chr9	+	115067325	115067329	115109399
87	ENSMUSG00000026812	chr2	+	28671881	28671923	28672392
88	ENSMUSG00000026812	chr2	+	28671881	28672087	28672392
89	ENSMUSG00000026812	chr2	+	28671923	28672087	28672392
98	ENSMUSG00000015093	chr2	+	25457974	25457990	25458114
100	ENSMUSG00000097451	chr12	+	109606341	109606343	109617210
101	ENSMUSG00000097451	chr12	+	109656831	109656840	109658052
102	ENSMUSG00000097451	chr12	+	109656831	109656840	109659722
103	ENSMUSG00000017428	chr11	+	80469927	80470030	80470382
104	ENSMUSG00000017428	chr11	+	80469927	80470418	80470625
105	ENSMUSG00000026748	chr2	+	16703377	16703383	16712081
108	ENSMUSG00000057914	chr2	+	14963982	14963997	14971561
109	ENSMUSG00000061086	chr11	+	104580429	104580475	104583977
112	ENSMUSG00000023206	chr2	+	11718342	11718458	11720012
113	ENSMUSG00000023206	chr2	+	11718342	11718458	11723412
114	ENSMUSG00000023206	chr2	+	11718342	11718458	11724095
115	ENSMUSG00000023206	chr2	+	11718342	11718458	11730570
116	ENSMUSG00000038374	chr3	+	96630028	96630065	96630301
117	ENSMUSG00000038374	chr3	+	96630028	96630065	96630305
118	ENSMUSG00000027469	chr2	+	152855002	152855015	152867183
119	ENSMUSG00000027469	chr2	+	152855002	152855015	152867186
120	ENSMUSG00000024979	chr19	+	55192636	55192690	55193839
121	ENSMUSG00000024979	chr19	+	55192636	55192909	55193839
122	ENSMUSG00000074797	chr2	+	130672133	130672338	130674238
124	ENSMUSG00000047731	chr19	+	46644455	46644567	46652473
127	ENSMUSG00000093456	chr9	+	108024323	108024450	108040904
128	ENSMUSG00000057738	chr2	+	30006646	30006670	30007493
129	ENSMUSG00000055652	chr7	+	75848473	75848484	75865336
138	ENSMUSG00000028621	chr4	+	107068823	107070547	107070869
139	ENSMUSG00000022884	chr16	+	23107820	23107880	23108587
140	ENSMUSG00000022884	chr16	+	23110723	23111263	23111502
143	ENSMUSG00000024773	chr19	+	6255265	6255271	6255408
147	ENSMUSG00000024829	chr19	+	3284817	3284833	3285309
150	ENSMUSG00000031558	chr5	+	48283518	48283545	48296408
151	ENSMUSG00000007050	chr17	+	34982234	34982367	34982619
153	ENSMUSG00000003033	chr8	+	72253280	72253633	72255696
155	ENSMUSG00000089847	chr7	+	105641160	105641228	105643310
156	ENSMUSG00000089847	chr7	+	105641160	105641228	105655621
157	ENSMUSG00000036452	chr18	+	39357663	39357828	39363116
159	ENSMUSG00000020818	chr11	+	116861667	116861695	116863905
160	ENSMUSG00000024483	chr18	+	36656834	36656862	36657973
162	ENSMUSG00000051278	chr3	+	127608632	127608868	127611783
164	ENSMUSG00000025962	chr1	+	63735571	63735968	63737778
166	ENSMUSG00000009995	chrX	+	74283116	74283400	74283647
167	ENSMUSG00000009995	chrX	+	74288513	74289019	74289104
168	ENSMUSG00000003279	chr17	+	70522262	70522268	70593166
170	ENSMUSG00000034116	chr17	+	57279284	57279401	57295981
175	ENSMUSG00000086714	chr2	+	26457780	26457812	26458415
176	ENSMUSG00000034165	chr17	+	47578773	47578792	47593644
177	ENSMUSG00000034165	chr17	+	47578773	47578792	47593653
178	ENSMUSG00000023952	chr17	+	46161291	46161326	46163482
179	ENSMUSG00000038954	chr17	+	45041306	45041386	45048281
180	ENSMUSG00000029534	chr6	+	17922124	17922139	17930765
181	ENSMUSG00000019518	chr5	+	138172437	138172479	138172786
184	ENSMUSG00000031441	chr8	+	12826406	12826612	12827447
188	ENSMUSG00000024299	chr17	+	33537327	33537424	33537899
189	ENSMUSG00000024299	chr17	+	33538695	33538701	33543197
190	ENSMUSG00000024299	chr17	+	33538695	33538712	33543197
191	ENSMUSG00000024299	chr17	+	33538701	33538712	33543197
192	ENSMUSG00000024299	chr17	+	33549609	33550670	33551013
195	ENSMUSG00000020886	chr11	+	70026988	70027087	70030398
196	ENSMUSG00000046711	chr17	+	27559670	27559703	27560927
199	ENSMUSG00000052911	chr9	+	108480143	108480184	108480277
200	ENSMUSG00000035112	chr11	+	101262845	101262895	101263768
207	ENSMUSG00000014767	chr17	+	15501202	15501357	15502964
212	ENSMUSG00000032604	chr9	+	108514829	108514873	108514966
213	ENSMUSG00000073468	chr17	+	8321835	8322140	8323276
215	ENSMUSG00000021219	chr12	+	82617562	82617731	82651808
217	ENSMUSG00000001986	chrX	+	41654253	41654924	41672218
218	ENSMUSG00000024516	chr18	+	65812741	65812814	65814837
220	ENSMUSG00000026921	chr2	+	26592241	26592280	26592417
221	ENSMUSG00000006392	chr4	+	118411802	118411852	118412351
222	ENSMUSG00000026575	chr1	+	164373334	164373364	164379358
223	ENSMUSG00000085558	chr4	+	9770694	9770821	9782625
229	ENSMUSG00000032280	chr9	+	61394682	61394712	61401852
230	ENSMUSG00000032280	chr9	+	61394682	61394712	61401855
231	ENSMUSG00000032280	chr9	+	61409407	61409416	61409935
232	ENSMUSG00000032280	chr9	+	61410120	61410135	61411262
233	ENSMUSG00000025875	chr13	+	54795458	54795467	54795965
235	ENSMUSG00000004846	chr5	+	136988701	136988735	136988882
237	ENSMUSG00000022793	chr16	+	38763129	38763191	38765914
240	ENSMUSG00000022801	chr16	+	32979460	32979544	32981827
241	ENSMUSG00000022801	chr16	+	32994996	32995011	32995805
242	ENSMUSG00000022791	chr16	+	32670216	32670230	32670791
243	ENSMUSG00000087153	chr8	+	19682488	19682655	19687603
244	ENSMUSG00000020770	chr11	+	116053119	116053158	116053489
245	ENSMUSG00000060938	chr11	+	68902436	68902442	68903178
247	ENSMUSG00000038084	chr16	+	29618287	29618308	29620380
249	ENSMUSG00000022510	chr16	+	25866199	25866211	25868166
250	ENSMUSG00000047909	chr2	+	11779823	11779897	11781476
251	ENSMUSG00000047909	chr2	+	11781519	11781533	11783640
252	ENSMUSG00000047909	chr2	+	11783749	11783756	11784290
258	ENSMUSG00000022702	chr16	+	18895927	18896046	18896453
259	ENSMUSG00000022702	chr16	+	18896564	18896773	18897697
260	ENSMUSG00000022702	chr16	+	18896564	18896773	18899362
261	ENSMUSG00000034730	chr15	+	74584417	74584432	74586756
262	ENSMUSG00000032036	chr9	+	35028439	35028514	35029773
263	ENSMUSG00000022037	chr14	+	65971852	65971856	65973324
264	ENSMUSG00000024073	chr17	+	74606123	74606135	74608096
265	ENSMUSG00000024073	chr17	+	74615330	74615357	74618435
266	ENSMUSG00000024073	chr17	+	74618563	74619838	74622035
268	ENSMUSG00000055692	chr16	+	17276887	17277039	17277193
269	ENSMUSG00000055692	chr16	+	17276887	17277250	17277341
270	ENSMUSG00000055692	chr16	+	17277039	17277250	17277341
271	ENSMUSG00000055692	chr16	+	17276887	17277250	17277527
274	ENSMUSG00000022792	chr16	+	16306599	16306618	16307209
278	ENSMUSG00000057880	chr16	+	8582782	8582854	8588885
282	ENSMUSG00000000148	chr5	+	140712877	140712901	140713052
286	ENSMUSG00000001289	chr15	+	102326535	102326849	102328521
294	ENSMUSG00000029389	chr5	+	124554757	124556848	124556961
295	ENSMUSG00000027091	chr2	+	83658586	83658621	83660057
296	ENSMUSG00000078652	chr11	+	101319504	101319592	101319911
298	ENSMUSG00000035757	chr15	+	89092849	89092907	89094136
299	ENSMUSG00000015363	chr15	+	89081431	89081453	89081950
300	ENSMUSG00000015363	chr15	+	89085446	89085457	89085525
304	ENSMUSG00000022394	chr15	+	81682151	81682474	81682570
305	ENSMUSG00000042303	chr15	+	81003445	81003518	81003803
309	ENSMUSG00000022558	chr15	+	76390127	76390131	76392380
310	ENSMUSG00000022558	chr15	+	76408043	76408528	76408882
311	ENSMUSG00000022558	chr15	+	76421213	76423835	76427108
312	ENSMUSG00000022558	chr15	+	76432295	76433396	76433537
313	ENSMUSG00000022561	chr15	+	76332271	76332287	76332483
316	ENSMUSG00000080316	chr17	+	17837769	17837771	17838086
322	ENSMUSG00000032816	chr9	+	65121920	65121924	65122507
324	ENSMUSG00000022477	chr15	+	81889379	81889434	81895169
325	ENSMUSG00000014504	chr18	+	34331825	34334364	34334456
327	ENSMUSG00000099696	chr9	+	46921746	46921951	46922350
330	ENSMUSG00000024369	chr17	+	34850462	34850674	34850910
331	ENSMUSG00000039458	chr15	+	12236120	12236148	12237928
332	ENSMUSG00000030691	chr7	+	101110772	101110836	101139150
333	ENSMUSG00000030691	chr7	+	101110772	101110836	101177143
334	ENSMUSG00000025212	chr19	+	45052183	45052223	45052410
336	ENSMUSG00000024217	chr17	+	27840506	27842378	27845182
339	ENSMUSG00000041617	chr16	+	17648126	17648329	17649994
340	ENSMUSG00000041617	chr16	+	17648126	17648329	17650366
341	ENSMUSG00000033060	chr14	+	101887656	101887891	101888676
343	ENSMUSG00000039157	chr2	+	32558347	32560155	32563418
344	ENSMUSG00000034739	chr9	+	44105282	44105300	44105386
345	ENSMUSG00000034739	chr9	+	44105282	44105300	44105404
348	ENSMUSG00000025940	chr1	+	16665372	16665505	16667667
350	ENSMUSG00000002728	chr2	+	145911763	145911793	145912392
351	ENSMUSG00000038900	chr2	+	32961839	32961960	32962048
353	ENSMUSG00000027722	chr3	+	37433267	37433283	37433638
357	ENSMUSG00000024921	chr19	+	26681939	26682113	26683808
358	ENSMUSG00000024921	chr19	+	26748503	26748544	26749851
359	ENSMUSG00000005774	chr3	+	94954181	94954251	94955014
360	ENSMUSG00000005774	chr3	+	94954877	94954881	94955020
361	ENSMUSG00000005774	chr3	+	94954877	94954884	94955020
362	ENSMUSG00000005774	chr3	+	94954877	94954931	94955020
363	ENSMUSG00000005774	chr3	+	94955136	94955146	94955351
364	ENSMUSG00000062609	chr16	+	95291896	95291908	95295590
369	ENSMUSG00000004561	chr14	+	51889217	51889397	51889527
370	ENSMUSG00000004561	chr14	+	51891547	51891551	51891626
372	ENSMUSG00000036062	chr4	+	42934770	42934818	42937840
373	ENSMUSG00000021843	chr14	+	47734264	47734270	47736099
375	ENSMUSG00000038335	chr11	+	74899232	74899401	74899508
376	ENSMUSG00000029925	chr6	+	39081076	39083855	39084295
383	ENSMUSG00000014856	chr8	+	105328458	105328484	105328607
384	ENSMUSG00000014856	chr8	+	105328458	105328484	105334642
387	ENSMUSG00000042744	chr5	+	121292852	121292858	121295374
388	ENSMUSG00000063506	chr14	+	33362523	33362575	33363275
389	ENSMUSG00000063506	chr14	+	33364514	33364525	33366569
390	ENSMUSG00000021901	chr14	+	31253575	31253640	31254032
393	ENSMUSG00000026790	chr2	+	29893512	29893569	29901076
394	ENSMUSG00000026790	chr2	+	29914302	29914510	29914733
395	ENSMUSG00000011658	chr7	+	44896668	44896720	44896914
396	ENSMUSG00000011658	chr7	+	44897624	44898700	44898775
400	ENSMUSG00000021767	chr14	+	21624888	21625215	21626718
402	ENSMUSG00000025224	chr19	+	46280731	46280743	46283034
405	ENSMUSG00000026470	chr1	+	155193325	155193389	155197340
406	ENSMUSG00000053332	chr1	+	161035804	161036014	161036207
407	ENSMUSG00000053332	chr1	+	161036014	161036244	161036548
408	ENSMUSG00000053332	chr1	+	161036244	161036579	161036819
409	ENSMUSG00000053332	chr1	+	161036014	161036244	161036819
410	ENSMUSG00000053332	chr1	+	161036852	161037164	161037287
411	ENSMUSG00000053332	chr1	+	161036852	161037315	161037504
414	ENSMUSG00000042328	chr5	+	112343122	112343163	112344540
415	ENSMUSG00000026280	chr1	+	93775700	93778364	93780717
416	ENSMUSG00000026280	chr1	+	93785966	93786024	93786510
422	ENSMUSG00000028268	chr3	+	142560858	142560932	142561739
426	ENSMUSG00000021716	chr13	+	104832997	104833105	104834247
427	ENSMUSG00000004105	chr2	+	33228357	33229032	33242199
428	ENSMUSG00000052337	chr6	+	71872894	71872923	71874316
429	ENSMUSG00000023007	chr15	+	99295273	99295428	99304040
430	ENSMUSG00000023007	chr15	+	99315569	99315581	99315722
435	ENSMUSG00000051154	chr2	+	18674315	18674361	18674655
439	ENSMUSG00000028601	chr4	+	108169948	108170226	108172088
440	ENSMUSG00000058740	chr2	+	25888858	25890905	25891190
441	ENSMUSG00000058740	chr2	+	25909306	25909677	25909813
444	ENSMUSG00000030815	chr7	+	127577646	127577688	127577974
445	ENSMUSG00000030815	chr7	+	127577646	127577710	127577974
446	ENSMUSG00000030815	chr7	+	127577688	127577710	127577974
447	ENSMUSG00000030815	chr7	+	127577646	127577688	127579666
448	ENSMUSG00000030815	chr7	+	127577646	127577710	127579666
449	ENSMUSG00000030815	chr7	+	127577646	127578029	127579666
450	ENSMUSG00000030815	chr7	+	127577688	127577710	127579666
451	ENSMUSG00000030815	chr7	+	127577688	127578029	127579666
452	ENSMUSG00000030815	chr7	+	127577710	127578029	127579666
453	ENSMUSG00000030815	chr7	+	127577646	127578029	127579809
454	ENSMUSG00000030815	chr7	+	127577646	127577710	127582122
455	ENSMUSG00000030815	chr7	+	127577646	127578029	127582122
456	ENSMUSG00000030815	chr7	+	127577710	127578029	127582122
457	ENSMUSG00000022214	chr14	+	55561419	55561442	55562891
458	ENSMUSG00000021555	chr13	+	59601044	59601071	59607245
459	ENSMUSG00000030588	chr7	+	29244302	29244319	29244398
461	ENSMUSG00000044308	chr2	+	69954361	69954363	69955966
462	ENSMUSG00000044308	chr2	+	69991625	69991637	69993675
463	ENSMUSG00000025876	chr13	+	54998017	54998080	54999335
464	ENSMUSG00000022216	chr14	+	55579833	55580041	55580113
465	ENSMUSG00000022216	chr14	+	55580972	55580976	55581051
466	ENSMUSG00000053477	chr18	+	69678117	69678129	69681568
479	ENSMUSG00000057715	chr1	+	11588546	11588571	11596150
480	ENSMUSG00000057715	chr1	+	11748091	11748100	11798480
483	ENSMUSG00000025369	chr10	+	128488017	128488359	128488895
484	ENSMUSG00000030534	chr7	+	80280017	80280019	80282484
485	ENSMUSG00000030534	chr7	+	80280017	80280033	80282484
490	ENSMUSG00000039768	chr4	+	151968627	151970930	151973479
495	ENSMUSG00000061878	chr11	+	116534173	116534318	116534848
498	ENSMUSG00000028582	chr4	+	108630306	108630336	108630543
499	ENSMUSG00000024430	chr18	+	12751004	12751828	12753860
506	ENSMUSG00000021694	chr13	+	108174011	108174060	108175553
507	ENSMUSG00000034771	chr10	+	81580298	81580331	81580483
508	ENSMUSG00000034771	chr10	+	81580331	81580667	81580894
509	ENSMUSG00000034771	chr10	+	81586337	81586373	81586854
510	ENSMUSG00000034771	chr10	+	81586337	81586373	81586857
512	ENSMUSG00000097039	chr15	+	62107465	62107511	62175466
513	ENSMUSG00000097039	chr15	+	62242297	62242301	62242433
514	ENSMUSG00000035697	chr10	+	80025546	80025547	80026155
519	ENSMUSG00000020697	chr11	+	82781272	82781276	82783345
521	ENSMUSG00000005899	chr16	+	17639842	17639845	17640125
522	ENSMUSG00000044024	chr18	+	37955916	37956567	37956928
523	ENSMUSG00000035168	chr2	+	59790877	59790898	59791598
536	ENSMUSG00000013787	chr17	+	34908278	34908313	34908403
537	ENSMUSG00000067768	chrX	+	73214481	73214585	73214773
538	ENSMUSG00000067768	chrX	+	73214820	73214856	73215227
540	ENSMUSG00000068882	chr2	+	69861712	69861739	69863223
541	ENSMUSG00000068882	chr2	+	69867379	69867552	69868778
542	ENSMUSG00000018923	chr11	+	70452063	70452093	70452207
543	ENSMUSG00000052395	chr14	+	30676900	30676907	30677686
547	ENSMUSG00000032185	chr9	+	21575014	21575093	21575413
550	ENSMUSG00000011958	chr9	+	70003637	70003667	70004305
551	ENSMUSG00000019823	chr10	+	41478314	41478635	41478962
554	ENSMUSG00000020265	chr10	+	77606341	77606350	77609811
555	ENSMUSG00000025371	chr11	+	119915522	119915554	119915631
556	ENSMUSG00000005883	chr2	+	172989030	172990000	172992045
557	ENSMUSG00000002014	chrX	+	73789874	73790424	73790653
560	ENSMUSG00000054708	chr10	+	81634985	81634995	81635069
563	ENSMUSG00000024186	chr17	+	26203512	26204383	26207395
564	ENSMUSG00000024186	chr17	+	26203512	26204383	26207758
565	ENSMUSG00000026514	chr1	+	181409676	181409733	181449969
575	ENSMUSG00000040782	chr1	+	159249266	159249278	159250022
577	ENSMUSG00000033276	chr1	+	74631660	74631666	74632728
582	ENSMUSG00000055013	chr1	+	89609583	89609599	89627760
583	ENSMUSG00000021898	chr14	+	26900477	26900478	26900846
584	ENSMUSG00000058248	chr1	+	192277090	192277171	192337399
585	ENSMUSG00000023033	chr15	+	100984045	100984075	101002033
587	ENSMUSG00000039994	chr10	+	128239997	128240053	128240137
590	ENSMUSG00000024429	chr17	+	35981143	35981198	35981306
594	ENSMUSG00000071253	chr10	+	62932782	62932791	62937417
598	ENSMUSG00000047284	chr11	+	69903452	69903719	69903864
599	ENSMUSG00000047284	chr11	+	69906295	69906407	69906517
600	ENSMUSG00000047284	chr11	+	69908006	69908012	69908095
603	ENSMUSG00000026857	chr2	+	30819768	30819832	30820448
609	ENSMUSG00000055491	chr19	+	46062494	46062503	46062611
610	ENSMUSG00000072825	chr12	+	112732083	112732085	112732501
613	ENSMUSG00000091476	chr1	+	178141518	178141590	178148882
615	ENSMUSG00000090112	chr10	+	11171994	11172001	11178733
616	ENSMUSG00000090112	chr10	+	11188036	11188165	11189630
620	ENSMUSG00000041119	chr17	+	31420257	31420288	31443165
621	ENSMUSG00000041119	chr17	+	31460005	31460261	31461570
622	ENSMUSG00000064294	chr1	+	58118694	58119053	58119480
624	ENSMUSG00000032411	chr9	+	96258804	96258884	96273838
625	ENSMUSG00000034145	chr12	+	87066944	87066948	87069122
630	ENSMUSG00000019302	chr11	+	101027393	101029258	101033900
631	ENSMUSG00000026641	chr1	+	171415799	171415830	171416134
632	ENSMUSG00000034175	chr11	+	5105313	5105347	5105432
634	ENSMUSG00000026031	chr1	+	58713657	58713659	58726305
636	ENSMUSG00000052423	chr1	+	171271373	171272756	171273952
650	ENSMUSG00000097277	chr7	+	81523676	81523723	81528786
651	ENSMUSG00000060073	chr12	+	70978815	70978839	70983318
652	ENSMUSG00000060073	chr12	+	70978815	70978839	70983323
653	ENSMUSG00000037805	chr17	+	28329047	28329280	28329373
656	ENSMUSG00000075318	chr2	+	65719021	65719030	65726327
657	ENSMUSG00000029155	chr5	+	73659334	73659345	73666851
658	ENSMUSG00000029155	chr5	+	73677022	73677058	73678991
660	ENSMUSG00000041396	chr1	+	163994977	163995071	163995913
661	ENSMUSG00000025451	chr13	+	119429160	119429412	119430159
662	ENSMUSG00000025451	chr13	+	119447759	119447840	119449903
664	ENSMUSG00000026696	chr1	+	162588250	162588296	162589464
668	ENSMUSG00000023805	chr17	+	6008099	6008110	6009731
669	ENSMUSG00000030330	chr6	+	125047316	125047325	125047478
670	ENSMUSG00000030330	chr6	+	125047316	125047325	125047481
671	ENSMUSG00000031812	chr8	+	121593545	121593650	121595985
675	ENSMUSG00000022371	chr15	+	55411712	55411721	55418687
680	ENSMUSG00000068284	chr16	+	44199021	44199167	44200613
687	ENSMUSG00000020454	chr11	+	3230065	3230101	3233987
699	ENSMUSG00000020827	chr11	+	70603934	70603943	70604183
700	ENSMUSG00000028542	chr4	+	117855948	117855986	117856689
701	ENSMUSG00000028542	chr4	+	117855948	117856031	117856689
702	ENSMUSG00000028542	chr4	+	117855986	117856031	117856689
703	ENSMUSG00000039318	chr1	+	185267014	185267074	185267172
704	ENSMUSG00000039318	chr1	+	185275947	185277221	185278147
705	ENSMUSG00000004032	chr3	+	107896373	107896536	107896625
710	ENSMUSG00000034842	chr5	+	92403627	92403656	92404836
711	ENSMUSG00000029174	chr5	+	64279403	64279417	64281764
712	ENSMUSG00000039842	chr8	+	18627240	18627318	18629545
713	ENSMUSG00000034614	chr11	+	3332228	3332249	3333208
714	ENSMUSG00000042842	chr13	+	32975039	32975046	32977524
717	ENSMUSG00000028059	chr3	+	88632333	88632339	88632912
718	ENSMUSG00000028059	chr3	+	88633042	88633367	88633499
727	ENSMUSG00000025915	chr1	+	9868466	9868688	9871629
728	ENSMUSG00000025915	chr1	+	9885753	9886142	9888869
729	ENSMUSG00000025915	chr1	+	9885753	9886142	9891360
736	ENSMUSG00000030269	chr6	+	113255843	113255921	113257022
737	ENSMUSG00000030269	chr6	+	113255843	113255938	113257022
738	ENSMUSG00000030269	chr6	+	113255921	113255938	113257022
739	ENSMUSG00000030269	chr6	+	113255843	113255938	113260587
740	ENSMUSG00000028047	chr3	+	89225276	89225424	89226303
743	ENSMUSG00000023861	chr17	+	8293418	8293495	8296534
744	ENSMUSG00000034157	chr12	+	86952931	86953004	86959727
748	ENSMUSG00000026349	chr1	+	127797886	127798196	127799389
749	ENSMUSG00000059183	chr9	+	65441688	65441799	65443878
754	ENSMUSG00000006575	chr11	+	102399780	102400045	102400660
756	ENSMUSG00000026048	chr1	+	44158259	44158335	44158804
757	ENSMUSG00000026048	chr1	+	44161037	44161109	44161809
758	ENSMUSG00000001909	chr8	+	84689349	84689376	84689707
759	ENSMUSG00000001909	chr8	+	84690572	84690947	84695221
760	ENSMUSG00000001909	chr8	+	84695324	84695337	84695427
761	ENSMUSG00000001909	chr8	+	84697338	84697348	84697424
762	ENSMUSG00000002279	chr17	+	25588686	25588742	25612295
763	ENSMUSG00000007850	chr11	+	50379623	50379964	50381458
764	ENSMUSG00000007850	chr11	+	50379964	50382715	50382799
765	ENSMUSG00000007850	chr11	+	50383890	50383920	50384643
769	ENSMUSG00000029464	chr5	+	122380105	122380177	122381189
774	ENSMUSG00000024835	chr19	+	4148722	4148736	4149341
779	ENSMUSG00000004768	chr1	+	33724005	33724102	33724933
781	ENSMUSG00000041115	chrX	+	152216439	152216466	152218876
784	ENSMUSG00000034211	chr5	+	129715763	129715858	129716726
785	ENSMUSG00000034211	chr5	+	129715763	129715910	129716726
786	ENSMUSG00000034211	chr5	+	129715763	129715912	129716726
787	ENSMUSG00000034211	chr5	+	129715763	129715941	129716726
788	ENSMUSG00000034211	chr5	+	129715858	129715910	129716726
789	ENSMUSG00000034211	chr5	+	129715858	129715912	129716726
790	ENSMUSG00000034211	chr5	+	129715858	129715941	129716726
791	ENSMUSG00000034211	chr5	+	129715910	129715912	129716726
792	ENSMUSG00000034211	chr5	+	129715910	129715941	129716726
793	ENSMUSG00000034211	chr5	+	129715912	129715941	129716726
794	ENSMUSG00000022201	chr15	+	12118338	12118341	12135266
795	ENSMUSG00000022201	chr15	+	12160680	12160690	12162113
797	ENSMUSG00000033342	chr3	+	117672019	117672034	117686615
799	ENSMUSG00000043019	chr1	+	151805946	151806003	151807365
801	ENSMUSG00000026005	chr1	+	66701017	66701028	66701616
802	ENSMUSG00000026005	chr1	+	66701017	66701417	66701616
803	ENSMUSG00000026005	chr1	+	66701028	66701417	66701616
804	ENSMUSG00000026005	chr1	+	66701017	66701028	66706445
805	ENSMUSG00000026005	chr1	+	66701017	66701417	66706445
806	ENSMUSG00000026005	chr1	+	66701028	66701417	66706445
807	ENSMUSG00000026005	chr1	+	66701636	66701648	66706445
811	ENSMUSG00000026269	chr1	+	92917244	92917746	92918017
812	ENSMUSG00000026269	chr1	+	92918126	92919103	92919183
813	ENSMUSG00000036764	chr10	+	63395863	63397378	63407001
814	ENSMUSG00000020009	chr10	+	19597516	19597530	19601319
819	ENSMUSG00000026113	chr1	+	37380060	37380177	37383338
820	ENSMUSG00000026113	chr1	+	37380060	37380177	37387697
822	ENSMUSG00000079179	chr12	+	3235929	3237412	3237590
825	ENSMUSG00000026127	chr1	+	34442993	34443104	34443377
826	ENSMUSG00000045482	chr5	+	144839596	144839629	144840337
829	ENSMUSG00000064120	chr17	+	49439586	49439596	49449099
830	ENSMUSG00000025907	chr1	+	6244928	6244979	6245157
831	ENSMUSG00000025907	chr1	+	6270818	6270827	6272700
832	ENSMUSG00000105265	chr3	+	34611883	34611892	34615587
833	ENSMUSG00000105265	chr3	+	34675860	34675970	34682433
836	ENSMUSG00000032336	chr9	+	58643684	58643802	58650496
837	ENSMUSG00000032336	chr9	+	58643684	58643802	58650508
839	ENSMUSG00000061689	chr2	+	156748403	156748420	156748943
840	ENSMUSG00000061689	chr2	+	156746196	156749356	156760850
843	ENSMUSG00000040466	chr7	+	27459633	27459652	27462566
844	ENSMUSG00000026730	chr2	+	12978413	12978617	12980292
852	ENSMUSG00000042700	chr12	+	82449391	82449404	82449900
853	ENSMUSG00000020758	chr11	+	115998145	115998154	115999797
859	ENSMUSG00000020788	chr11	+	72989547	72989560	72991688
860	ENSMUSG00000000631	chr11	+	77815891	77815999	77817618
861	ENSMUSG00000036792	chr2	+	49272367	49273057	49274562
865	ENSMUSG00000030180	chr6	+	120399057	120399082	120402505
868	ENSMUSG00000019817	chr10	+	13091020	13091024	13091774
869	ENSMUSG00000019817	chr10	+	13091020	13091024	13105854
874	ENSMUSG00000029152	chr5	+	73306753	73306798	73310273
875	ENSMUSG00000038013	chr11	+	98863679	98863902	98884973
877	ENSMUSG00000034401	chr4	+	111805982	111806030	111822740
878	ENSMUSG00000025885	chr18	+	74714959	74714974	74715958
880	ENSMUSG00000026883	chr2	+	35643991	35644124	35661491
881	ENSMUSG00000026883	chr2	+	35643991	35644124	35707647
884	ENSMUSG00000020849	chr11	+	75755652	75755680	75756816
891	ENSMUSG00000041420	chr7	+	16178795	16179100	16182040
892	ENSMUSG00000041420	chr7	+	16183856	16183867	16184037
893	ENSMUSG00000041420	chr7	+	16185517	16185521	16186056
894	ENSMUSG00000038538	chr6	+	38464043	38464049	38470151
898	ENSMUSG00000004788	chr12	+	85219933	85219942	85220096
899	ENSMUSG00000019984	chr10	+	24903693	24903831	24904260
901	ENSMUSG00000019802	chr10	+	42796264	42797733	42798746
902	ENSMUSG00000019802	chr10	+	42797733	42798855	42801632
904	ENSMUSG00000025967	chr1	+	63177250	63177291	63177722
907	ENSMUSG00000018932	chr11	+	60942353	60942400	60943150
908	ENSMUSG00000028068	chr3	+	88100716	88101595	88101677
909	ENSMUSG00000042331	chr11	+	62132454	62132481	62146305
912	ENSMUSG00000026229	chr1	+	86130729	86130731	86132713
913	ENSMUSG00000030852	chr7	+	130735150	130735228	130739811
915	ENSMUSG00000026848	chr2	+	30954008	30954017	30955767
916	ENSMUSG00000026848	chr2	+	30953892	30954008	30955777
917	ENSMUSG00000026848	chr2	+	30953892	30954017	30955777
918	ENSMUSG00000026848	chr2	+	30954008	30954017	30955777
921	ENSMUSG00000001416	chr3	+	88299403	88300991	88302767
922	ENSMUSG00000001416	chr3	+	88300850	88300991	88302767
923	ENSMUSG00000037270	chr3	+	36863329	36863348	36864386
924	ENSMUSG00000037270	chr3	+	36889902	36889996	36890794
925	ENSMUSG00000037270	chr3	+	36919900	36920033	36920179
926	ENSMUSG00000037270	chr3	+	37030643	37030748	37032364
927	ENSMUSG00000069601	chr10	+	69982161	69982197	69986082
928	ENSMUSG00000069601	chr10	+	69982161	69982197	69986088
929	ENSMUSG00000069601	chr10	+	69982161	69982197	69994371
932	ENSMUSG00000062647	chr2	+	26912155	26912159	26912365
933	ENSMUSG00000087211	chr11	+	84534560	84534660	84535115
934	ENSMUSG00000027433	chr2	+	147029784	147029976	147034853
935	ENSMUSG00000025404	chr10	+	127481755	127481794	127483975
940	ENSMUSG00000021666	chr13	+	97150413	97150419	97153227
941	ENSMUSG00000078676	chr11	+	98810935	98810966	98821430
942	ENSMUSG00000044034	chr11	+	120608727	120608739	120608814
943	ENSMUSG00000026176	chr1	+	74393426	74393901	74394018
945	ENSMUSG00000034432	chr1	+	90604445	90605512	90606536
946	ENSMUSG00000052613	chr10	+	73822259	73822263	73947027
948	ENSMUSG00000042099	chr17	+	33816245	33816263	33817193
949	ENSMUSG00000042099	chr17	+	33816245	33816263	33821768
950	ENSMUSG00000026207	chr1	+	75384987	75385164	75387800
951	ENSMUSG00000026207	chr1	+	75384987	75385164	75390978
952	ENSMUSG00000026207	chr1	+	75426880	75427211	75427313
953	ENSMUSG00000026811	chr2	+	32608096	32608225	32609225
954	ENSMUSG00000026811	chr2	+	32608096	32608225	32612223
955	ENSMUSG00000026811	chr2	+	32615168	32615187	32618496
958	ENSMUSG00000056234	chr14	+	32172443	32172448	32172606
959	ENSMUSG00000028248	chr4	+	21869615	21870405	21871437
964	ENSMUSG00000030830	chr7	+	127317363	127317366	127321894
965	ENSMUSG00000028681	chr4	+	117108020	117108042	117108154
966	ENSMUSG00000029098	chr5	+	35583971	35583975	35588158
967	ENSMUSG00000020821	chr11	+	70725176	70725212	70725887
968	ENSMUSG00000043843	chr7	+	25307676	25307718	25307820
973	ENSMUSG00000021134	chr12	+	80945668	80945672	80946575
983	ENSMUSG00000006958	chr16	+	20736383	20736442	20736908
984	ENSMUSG00000006958	chr16	+	20739510	20740056	20741189
997	ENSMUSG00000034729	chr17	+	47372491	47372645	47374972
998	ENSMUSG00000025145	chr11	+	120718553	120719132	120719465
999	ENSMUSG00000025777	chr1	+	17146983	17147128	17156960
1001	ENSMUSG00000038178	chr11	+	75531741	75531778	75532587
1002	ENSMUSG00000097391	chr12	+	109731350	109731355	109731716
1003	ENSMUSG00000097391	chr12	+	109743847	109743851	109748124
1004	ENSMUSG00000019854	chr10	+	18093840	18093903	18094409
1008	ENSMUSG00000015536	chr13	+	114825234	114825265	114826157
1009	ENSMUSG00000015536	chr13	+	114825234	114825361	114826157
1010	ENSMUSG00000015536	chr13	+	114825265	114825361	114826157
1011	ENSMUSG00000015536	chr13	+	114825265	114825361	114826204
1013	ENSMUSG00000010110	chr19	+	8743423	8743502	8748460
1014	ENSMUSG00000010110	chr19	+	8748711	8748888	8749665
1015	ENSMUSG00000010110	chr19	+	8748888	8748899	8749665
1016	ENSMUSG00000029062	chr4	+	155625654	155625773	155626773
1018	ENSMUSG00000054889	chr13	+	38191858	38193655	38194695
1019	ENSMUSG00000029385	chr5	+	93271044	93271279	93271362
1021	ENSMUSG00000056608	chr8	+	91036550	91036598	91037406
1032	ENSMUSG00000023072	chr7	+	35420958	35421029	35423299
1033	ENSMUSG00000035745	chr10	+	79976117	79976205	79976393
1035	ENSMUSG00000066392	chr12	+	88850308	88850312	88853104
1036	ENSMUSG00000066392	chr12	+	90283650	90283659	90321935
1037	ENSMUSG00000025237	chr9	+	59630769	59630829	59631339
1038	ENSMUSG00000054976	chr1	+	81192052	81192148	81240883
1039	ENSMUSG00000054976	chr1	+	81192052	81192148	81269043
1041	ENSMUSG00000024188	chr17	+	26253091	26254388	26255030
1043	ENSMUSG00000025504	chr7	+	141361121	141361174	141361380
1049	ENSMUSG00000018196	chr1	+	143741711	143741754	143745046
1052	ENSMUSG00000012848	chr7	+	12922388	12922422	12922972
1057	ENSMUSG00000022106	chr14	+	73154408	73154410	73154830
1060	ENSMUSG00000032456	chr9	+	98296732	98296980	98354018
1062	ENSMUSG00000099703	chr18	+	35557369	35557391	35577557
1063	ENSMUSG00000099703	chr18	+	35557369	35557405	35577557
1064	ENSMUSG00000099703	chr18	+	35557391	35557405	35577557
1068	ENSMUSG00000024576	chr18	+	61580451	61580487	61585164
1072	ENSMUSG00000068663	chr16	+	10595985	10596033	10611002
1073	ENSMUSG00000052387	chr19	+	22885428	22885482	22889393
1074	ENSMUSG00000052387	chr19	+	22926070	22926106	22978291
1075	ENSMUSG00000078970	chr11	+	17228252	17228275	17229768
1083	ENSMUSG00000056952	chr6	+	113702538	113702721	113704033
1087	ENSMUSG00000020359	chr11	+	51593686	51594141	51598275
1088	ENSMUSG00000039041	chr2	+	180172972	180174033	180174308
1089	ENSMUSG00000032712	chr6	+	149310359	149310377	149317634
1090	ENSMUSG00000032712	chr6	+	149310359	149310377	149325404
1091	ENSMUSG00000079484	chr2	+	30277644	30277829	30279954
1094	ENSMUSG00000053046	chr7	+	141983066	141983070	141984393
1095	ENSMUSG00000053046	chr7	+	141985933	141986032	141987421
1096	ENSMUSG00000042323	chr14	+	31023170	31023179	31025497
1097	ENSMUSG00000042323	chr14	+	31023170	31023179	31025500
1101	ENSMUSG00000061911	chr12	+	29827831	29827837	29832287
1102	ENSMUSG00000061911	chr12	+	29827831	29827837	29836349
1104	ENSMUSG00000036875	chr10	+	62969958	62970061	62971843
1105	ENSMUSG00000039087	chr13	+	37893984	37895198	37898411
1107	ENSMUSG00000020290	chr11	+	23267763	23268690	23268848
1108	ENSMUSG00000020290	chr11	+	23267763	23268690	23271132
1109	ENSMUSG00000020463	chr11	+	29209434	29209486	29211115
1110	ENSMUSG00000003402	chr9	+	22011575	22011596	22011673
1111	ENSMUSG00000024856	chr19	+	4097507	4097733	4097816
1112	ENSMUSG00000024856	chr19	+	4097907	4097917	4098004
1113	ENSMUSG00000010097	chr19	+	8762487	8762495	8762682
1114	ENSMUSG00000010097	chr19	+	8765031	8766833	8767079
1118	ENSMUSG00000006720	chr13	+	21945199	21945418	21945555
1119	ENSMUSG00000023026	chr15	+	100155153	100155156	100157169
1120	ENSMUSG00000029625	chr5	+	145170565	145170917	145173306
1121	ENSMUSG00000057098	chr11	+	44621230	44621349	44621920
1122	ENSMUSG00000057098	chr11	+	44883931	44883955	44907903
1123	ENSMUSG00000057098	chr11	+	44883931	44883955	44907906
1124	ENSMUSG00000040767	chr11	+	32207043	32207050	32207556
1125	ENSMUSG00000067916	chr4	+	147165386	147165409	147175846
1127	ENSMUSG00000039356	chr2	+	31672573	31672586	31674514
1128	ENSMUSG00000034902	chr10	+	81305278	81305291	81305698
1129	ENSMUSG00000034902	chr10	+	81312580	81312586	81312907
1130	ENSMUSG00000041763	chr1	+	43954740	43956299	43956470
1137	ENSMUSG00000026634	chr1	+	190928717	190928758	190932866
1138	ENSMUSG00000026634	chr1	+	190928717	190928758	190937443
1139	ENSMUSG00000026634	chr1	+	190941295	190941458	190942120
1140	ENSMUSG00000032410	chr9	+	96039844	96039856	96045485
1141	ENSMUSG00000038354	chr3	+	96678263	96678267	96679179
1143	ENSMUSG00000026648	chr2	+	3437086	3437090	3437675
1144	ENSMUSG00000028796	chr4	+	128743461	128743556	128745001
1146	ENSMUSG00000025887	chr9	+	5346523	5346733	5348898
1148	ENSMUSG00000006932	chr9	+	120955969	120955972	120957106
1150	ENSMUSG00000020514	chr11	+	58171842	58172021	58173032
1151	ENSMUSG00000075302	chr2	+	70509544	70509565	70509655
1153	ENSMUSG00000005417	chr11	+	59737228	59737582	59741119
1156	ENSMUSG00000025969	chr1	+	62786301	62786316	62812533
1157	ENSMUSG00000025969	chr1	+	62786301	62786316	62815332
1160	ENSMUSG00000038180	chr2	+	156066197	156066238	156066566
1161	ENSMUSG00000038180	chr2	+	156067132	156067563	156067746
1162	ENSMUSG00000071653	chr19	+	8889248	8889727	8890002
1164	ENSMUSG00000040785	chr16	+	94370861	94370971	94383911
1165	ENSMUSG00000040785	chr16	+	94370861	94370971	94392014
1166	ENSMUSG00000040785	chr16	+	94370861	94370971	94403313
1167	ENSMUSG00000040785	chr16	+	94456761	94456811	94457320
1170	ENSMUSG00000075595	chr11	+	95749607	95750147	95752874
1172	ENSMUSG00000037661	chr3	+	30856057	30856254	30877234
1173	ENSMUSG00000037661	chr3	+	30877332	30877561	30889941
1176	ENSMUSG00000022906	chr16	+	35943402	35943510	35945768
1177	ENSMUSG00000022906	chr16	+	35943402	35943510	35947500
1178	ENSMUSG00000017550	chr11	+	80112828	80112837	80113074
1179	ENSMUSG00000064043	chr17	+	47319618	47319678	47323277
1180	ENSMUSG00000028580	chr4	+	130766049	130766055	130768815
1182	ENSMUSG00000040746	chr11	+	70649294	70649346	70649444
1186	ENSMUSG00000034156	chr11	+	87781334	87781370	87781489
1187	ENSMUSG00000020790	chr11	+	72740057	72740106	72740401
1188	ENSMUSG00000023088	chr16	+	14437733	14437737	14439986
1189	ENSMUSG00000042289	chr7	+	127801246	127801363	127801460
1190	ENSMUSG00000020741	chr11	+	74666066	74666076	74666154
1197	ENSMUSG00000000632	chr11	+	77973977	77974329	77974439
1200	ENSMUSG00000025648	chr9	+	108999209	108999269	109005571
1201	ENSMUSG00000025648	chr9	+	109025129	109025151	109027519
1207	ENSMUSG00000059439	chr11	+	85354661	85354679	85354887
1208	ENSMUSG00000020513	chr11	+	86545230	86545336	86548782
1210	ENSMUSG00000039205	chr2	+	32363298	32363656	32363804
1211	ENSMUSG00000039205	chr2	+	32371101	32371113	32371248
1212	ENSMUSG00000039205	chr2	+	32376427	32377362	32377508
1216	ENSMUSG00000020486	chr11	+	87588852	87589085	87589174
1217	ENSMUSG00000027660	chr3	+	31113502	31113640	31116815
1218	ENSMUSG00000033773	chr5	+	107601845	107601859	107603525
1219	ENSMUSG00000023723	chr11	+	88204485	88204713	88205188
1220	ENSMUSG00000064289	chr2	+	61613715	61613798	61626902
1221	ENSMUSG00000064289	chr2	+	61613715	61613798	61626905
1222	ENSMUSG00000036617	chr2	+	20785467	20785500	20788427
1224	ENSMUSG00000002395	chr8	+	71367693	71367848	71367958
1227	ENSMUSG00000079507	chr17	+	35321090	35321550	35323063
1234	ENSMUSG00000078700	chr11	+	96959615	96960281	96960860
1235	ENSMUSG00000007379	chr3	+	103146556	103146560	103149040
1236	ENSMUSG00000084786	chr9	+	20645489	20645493	20645621
1237	ENSMUSG00000038437	chr11	+	97672592	97672682	97673459
1238	ENSMUSG00000018167	chr11	+	98375540	98375553	98375674
1240	ENSMUSG00000038664	chr9	+	66461899	66461920	66462828
1241	ENSMUSG00000015468	chr17	+	34584004	34584008	34584411
1243	ENSMUSG00000026914	chr2	+	61722761	61722848	61760635
1248	ENSMUSG00000021235	chr12	+	84370354	84370386	84370923
1250	ENSMUSG00000017801	chr11	+	101087314	101087367	101087753
1252	ENSMUSG00000037236	chr18	+	35562259	35562292	35578415
1253	ENSMUSG00000037236	chr18	+	35579310	35579318	35581169
1262	ENSMUSG00000006304	chr1	+	74236899	74237047	74246079
1266	ENSMUSG00000059540	chr2	+	181680475	181680735	181683212
1267	ENSMUSG00000041771	chr12	+	102230436	102230493	102234681
1268	ENSMUSG00000028289	chr4	+	28938764	28938779	28942585
1272	ENSMUSG00000051048	chr7	+	100285726	100285768	100292575
1273	ENSMUSG00000020623	chr11	+	110490813	110490875	110492512
1274	ENSMUSG00000026587	chr1	+	158511122	158511146	158520443
1275	ENSMUSG00000026587	chr1	+	158684260	158684267	158688520
1276	ENSMUSG00000024845	chr19	+	4127121	4127132	4127549
1277	ENSMUSG00000024845	chr19	+	4127639	4127836	4131228
1279	ENSMUSG00000029797	chr6	+	48498393	48498402	48498643
1282	ENSMUSG00000026944	chr2	+	25442054	25442111	25442190
1284	ENSMUSG00000043857	chr11	+	116973416	116973431	116977680
1285	ENSMUSG00000039307	chr11	+	121221161	121221590	121222212
1286	ENSMUSG00000015749	chr3	+	95938003	95938039	95944306
1289	ENSMUSG00000025142	chr11	+	120673407	120673576	120674039
1290	ENSMUSG00000025142	chr11	+	120689153	120689341	120701143
1292	ENSMUSG00000046613	chr16	+	20602189	20602193	20603851
1295	ENSMUSG00000034813	chr10	+	120075476	120075479	120077227
1296	ENSMUSG00000034813	chr10	+	120075476	120075479	120086951
1297	ENSMUSG00000022961	chr16	+	91671465	91674141	91674694
1298	ENSMUSG00000019558	chrX	+	73680047	73680056	73680131
1299	ENSMUSG00000019558	chrX	+	73680047	73680071	73680131
1300	ENSMUSG00000019558	chrX	+	73680056	73680071	73680131
1301	ENSMUSG00000016344	chr2	+	181187736	181187886	181188003
1303	ENSMUSG00000004562	chr14	+	51989749	51989938	51990047
1304	ENSMUSG00000004562	chr14	+	51994398	51994407	51994879
1305	ENSMUSG00000004562	chr14	+	51997847	51998039	51998143
1306	ENSMUSG00000033768	chr19	+	6463847	6463868	6472257
1307	ENSMUSG00000027257	chr2	+	91256343	91256408	91259863
1308	ENSMUSG00000027257	chr2	+	91256343	91256408	91260200
1309	ENSMUSG00000027523	chr2	+	174328131	174330434	174334211
1312	ENSMUSG00000020674	chr12	+	29987216	29987233	29990735
1314	ENSMUSG00000040938	chr11	+	70214675	70214712	70214954
1317	ENSMUSG00000020598	chr12	+	44576780	44576789	44578144
1318	ENSMUSG00000020598	chr12	+	44576780	44576789	44584834
1319	ENSMUSG00000020598	chr12	+	44576780	44576789	44590107
1321	ENSMUSG00000021040	chr12	+	87447598	87447622	87449292
1322	ENSMUSG00000012609	chr12	+	85917774	85917832	85918930
1323	ENSMUSG00000012609	chr12	+	85917774	85917832	85918972
1328	ENSMUSG00000058589	chr10	+	90512875	90512887	90577088
1329	ENSMUSG00000050373	chr2	+	164786848	164786855	164791557
1330	ENSMUSG00000068040	chr2	+	153189049	153189077	153190830
1331	ENSMUSG00000068040	chr2	+	153189049	153189077	153191050
1332	ENSMUSG00000068040	chr2	+	153194409	153194417	153195310
1337	ENSMUSG00000026213	chr1	+	75524888	75524943	75525087
1340	ENSMUSG00000039354	chr1	+	72585918	72586404	72587050
1343	ENSMUSG00000045404	chr12	+	99964801	99964815	99965203
1346	ENSMUSG00000021268	chr12	+	109543805	109543849	109544026
1352	ENSMUSG00000021288	chr12	+	111789459	111789486	111793648
1353	ENSMUSG00000021288	chr12	+	111789459	111789486	111795547
1354	ENSMUSG00000021288	chr12	+	111789459	111789486	111806007
1360	ENSMUSG00000010608	chr12	+	83639191	83639375	83642401
1363	ENSMUSG00000041708	chr15	+	83800159	83800184	83836272
1364	ENSMUSG00000041708	chr15	+	83800159	83800184	83852039
1366	ENSMUSG00000059824	chr7	+	45706716	45707016	45708259
1367	ENSMUSG00000042605	chr5	+	121797785	121797791	121802080
1370	ENSMUSG00000059447	chr5	+	30155382	30155386	30163668
1372	ENSMUSG00000021314	chr13	+	19121319	19121331	19125025
1373	ENSMUSG00000021314	chr13	+	19121319	19121331	19137535
1375	ENSMUSG00000039699	chr19	+	6164750	6165168	6166467
1376	ENSMUSG00000086938	chr19	+	5415099	5415112	5415606
1379	ENSMUSG00000074405	chr7	+	5031279	5032207	5032762
1380	ENSMUSG00000036270	chr8	+	105890417	105890447	105890521
1388	ENSMUSG00000058070	chr12	+	108534740	108534751	108534864
1389	ENSMUSG00000022235	chr15	+	31582037	31582073	31583964
1390	ENSMUSG00000020817	chr11	+	70908517	70908556	70917314
1403	ENSMUSG00000025873	chr13	+	54641496	54641553	54645244
1404	ENSMUSG00000025873	chr13	+	54641496	54641553	54648291
1405	ENSMUSG00000025873	chr13	+	54641496	54641553	54649977
1407	ENSMUSG00000071657	chr19	+	8841424	8843090	8845170
1417	ENSMUSG00000002103	chr2	+	91206277	91206849	91207816
1421	ENSMUSG00000025958	chr1	+	64532904	64533020	64550848
1422	ENSMUSG00000025958	chr1	+	64532904	64533020	64566216
1423	ENSMUSG00000058392	chr17	+	32046011	32046229	32048552
1424	ENSMUSG00000058392	chr17	+	32055124	32055315	32055910
1426	ENSMUSG00000058586	chr15	+	83102644	83102684	83102933
1429	ENSMUSG00000027168	chr2	+	105684994	105685102	105685192
1430	ENSMUSG00000027168	chr2	+	105684994	105685102	105685777
1431	ENSMUSG00000027168	chr2	+	105684994	105685429	105685777
1432	ENSMUSG00000027168	chr2	+	105685102	105685429	105685777
1433	ENSMUSG00000048482	chr2	+	109676100	109676312	109723381
1434	ENSMUSG00000048482	chr2	+	109676100	109676395	109723381
1435	ENSMUSG00000048482	chr2	+	109676312	109676395	109723381
1436	ENSMUSG00000001785	chr10	+	85874595	85874633	85876297
1437	ENSMUSG00000055177	chr2	+	148750998	148751154	148754606
1439	ENSMUSG00000029106	chr5	+	34616814	34616907	34619349
1440	ENSMUSG00000029106	chr5	+	34616814	34616907	34620044
1444	ENSMUSG00000037902	chr2	+	129627985	129627997	129629926
1446	ENSMUSG00000062646	chr2	+	120419440	120419485	120422024
1447	ENSMUSG00000062646	chr2	+	120422204	120422749	120423698
1450	ENSMUSG00000023572	chr2	+	121011530	121011558	121011682
1451	ENSMUSG00000027259	chr2	+	121143209	121143222	121146032
1452	ENSMUSG00000027259	chr2	+	121143209	121143222	121148240
1457	ENSMUSG00000029386	chr5	+	124598956	124599242	124599706
1459	ENSMUSG00000027367	chr2	+	127284303	127284581	127290771
1461	ENSMUSG00000027374	chr2	+	127596934	127598276	127600011
1462	ENSMUSG00000027381	chr2	+	128128756	128129014	128147084
1463	ENSMUSG00000046808	chr5	+	72266074	72266168	72267406
1464	ENSMUSG00000027405	chr2	+	130277132	130277314	130277475
1465	ENSMUSG00000027411	chr2	+	130438012	130438225	130438306
1466	ENSMUSG00000027411	chr2	+	130441008	130441028	130441164
1469	ENSMUSG00000037514	chr2	+	131274120	131274263	131280156
1470	ENSMUSG00000037514	chr2	+	131274120	131274263	131293398
1471	ENSMUSG00000029247	chr5	+	76956743	76956846	76959314
1473	ENSMUSG00000027270	chr2	+	136059118	136059626	136059749
1475	ENSMUSG00000028673	chr4	+	135934704	135934880	135936972
1476	ENSMUSG00000021893	chr14	+	31360245	31361245	31363478
1477	ENSMUSG00000027425	chr2	+	144373369	144373855	144375844
1478	ENSMUSG00000039069	chr2	+	180082233	180082760	180083344
1479	ENSMUSG00000039069	chr2	+	180084282	180084312	180084450
1480	ENSMUSG00000039069	chr2	+	180084282	180084312	180085379
1481	ENSMUSG00000027427	chr2	+	144534376	144534411	144535940
1485	ENSMUSG00000027854	chr3	+	102997385	102997409	102998489
1486	ENSMUSG00000015002	chr15	+	65815411	65815478	65818432
1487	ENSMUSG00000027474	chr2	+	153071005	153071016	153071757
1488	ENSMUSG00000032827	chr6	+	5134174	5134932	5143227
1489	ENSMUSG00000032827	chr6	+	5154207	5154318	5156120
1490	ENSMUSG00000046897	chr15	+	102204883	102205086	102205228
1491	ENSMUSG00000046897	chr15	+	102204883	102205086	102207770
1497	ENSMUSG00000038241	chr2	+	155956657	155956662	155961871
1498	ENSMUSG00000037730	chr3	+	30603670	30603800	30607036
1499	ENSMUSG00000037761	chr2	+	158635426	158636147	158636667
1500	ENSMUSG00000029171	chr5	+	64103864	64103907	64105754
1501	ENSMUSG00000029171	chr5	+	64103864	64103907	64106607
1502	ENSMUSG00000041912	chr3	+	94413362	94413368	94422801
1503	ENSMUSG00000041912	chr3	+	94424590	94424690	94425562
1505	ENSMUSG00000017760	chr2	+	164834748	164834762	164834837
1509	ENSMUSG00000039463	chr2	+	167424297	167424649	167434781
1513	ENSMUSG00000028180	chr3	+	157541821	157541869	157543157
1514	ENSMUSG00000029587	chr5	+	143240080	143240150	143240319
1515	ENSMUSG00000047907	chr2	+	169886459	169886586	170070267
1521	ENSMUSG00000010911	chr2	+	103088678	103088736	103089402
1522	ENSMUSG00000028284	chr4	+	31988715	31988719	31989933
1523	ENSMUSG00000028284	chr4	+	31994954	31995010	32002088
1527	ENSMUSG00000021779	chr14	+	17826968	17826975	17925595
1528	ENSMUSG00000021779	chr14	+	17826968	17826975	17963060
1532	ENSMUSG00000027584	chr2	+	181715931	181715946	181716501
1533	ENSMUSG00000027584	chr2	+	181715931	181715946	181717954
1534	ENSMUSG00000027584	chr2	+	181715931	181715946	181718813
1535	ENSMUSG00000074259	chr9	+	59712146	59712179	59713795
1536	ENSMUSG00000078765	chr7	+	30563399	30563408	30563531
1537	ENSMUSG00000078765	chr7	+	30564101	30564131	30564202
1538	ENSMUSG00000078765	chr7	+	30564301	30564394	30564473
1540	ENSMUSG00000033728	chr15	+	76710927	76711530	76712866
1541	ENSMUSG00000027550	chr3	+	14540066	14540114	14545495
1542	ENSMUSG00000055681	chr8	+	70304696	70306651	70307949
1543	ENSMUSG00000043411	chr4	+	137623388	137623515	137625159
1545	ENSMUSG00000049482	chr8	+	122479194	122479412	122479589
1551	ENSMUSG00000066952	chr5	+	114356989	114357013	114357918
1553	ENSMUSG00000025762	chr3	+	40961666	40961788	40962168
1554	ENSMUSG00000083844	chr11	+	5780635	5780653	5783891
1557	ENSMUSG00000027748	chr3	+	54266367	54266420	54279862
1558	ENSMUSG00000027751	chr3	+	54692881	54692894	54693102
1559	ENSMUSG00000027751	chr3	+	54693126	54693208	54695122
1560	ENSMUSG00000027751	chr3	+	54693208	54693413	54695122
1561	ENSMUSG00000036632	chr3	+	54738951	54738953	54739261
1562	ENSMUSG00000027797	chr3	+	55477889	55477937	55480333
1563	ENSMUSG00000027797	chr3	+	55477889	55477937	55480336
1564	ENSMUSG00000060568	chr1	+	167079465	167079785	167087977
1565	ENSMUSG00000056476	chr3	+	59263286	59263292	59264921
1566	ENSMUSG00000056476	chr3	+	59297946	59297961	59301279
1571	ENSMUSG00000034349	chr3	+	69006213	69006224	69007188
1572	ENSMUSG00000034349	chr3	+	69016150	69016257	69016651
1576	ENSMUSG00000027714	chr3	+	36556969	36556995	36561102
1579	ENSMUSG00000027998	chr3	+	83059353	83059380	83059836
1581	ENSMUSG00000028086	chr3	+	84967563	84969301	84970795
1583	ENSMUSG00000032525	chr9	+	121738415	121740075	121741121
1585	ENSMUSG00000000290	chr10	+	77542486	77542546	77546012
1589	ENSMUSG00000028057	chr3	+	88717470	88717658	88725994
1590	ENSMUSG00000028057	chr3	+	88726068	88726179	88726279
1594	ENSMUSG00000028456	chr4	+	43257935	43258302	43258420
1596	ENSMUSG00000042404	chr3	+	90270121	90270128	90270212
1597	ENSMUSG00000042390	chr3	+	90351526	90351574	90351813
1599	ENSMUSG00000053819	chr3	+	126770857	126771846	126780359
1600	ENSMUSG00000031976	chr8	+	124035175	124035188	124036635
1604	ENSMUSG00000028137	chr3	+	94487284	94487388	94487702
1605	ENSMUSG00000028137	chr3	+	94486935	94487284	94487786
1606	ENSMUSG00000028137	chr3	+	94487284	94487388	94487786
1608	ENSMUSG00000068874	chr3	+	94937393	94937397	94937954
1613	ENSMUSG00000038777	chr3	+	95167680	95167726	95167998
1614	ENSMUSG00000038777	chr3	+	95167680	95167726	95168298
1615	ENSMUSG00000028691	chr4	+	116692992	116693005	116693716
1616	ENSMUSG00000015750	chr3	+	95895216	95895570	95895717
1619	ENSMUSG00000028101	chr3	+	96703628	96703659	96703738
1622	ENSMUSG00000036503	chr3	+	57796285	57796295	57801717
1623	ENSMUSG00000036503	chr3	+	57796285	57796295	57802446
1624	ENSMUSG00000036503	chr3	+	57796285	57796295	57820506
1630	ENSMUSG00000020333	chr11	+	54320267	54320372	54323240
1631	ENSMUSG00000027852	chr3	+	103060034	103060040	103060200
1632	ENSMUSG00000048100	chr3	+	108571748	108572113	108572879
1633	ENSMUSG00000048100	chr3	+	108571748	108572113	108578115
1634	ENSMUSG00000066894	chr5	+	117335042	117335067	117338206
1636	ENSMUSG00000000561	chr3	+	105965856	105965873	105966356
1637	ENSMUSG00000022770	chr16	+	31796965	31797010	31805613
1638	ENSMUSG00000022770	chr16	+	31846933	31846937	31853842
1643	ENSMUSG00000025571	chr11	+	117749817	117753144	117755330
1649	ENSMUSG00000058897	chr3	+	130566495	130566539	130567576
1650	ENSMUSG00000036825	chr3	+	146404784	146404935	146417606
1651	ENSMUSG00000006241	chr9	+	21927728	21927742	21929092
1652	ENSMUSG00000024818	chr19	+	5880156	5880160	5880439
1656	ENSMUSG00000029993	chr6	+	87020839	87020842	87023127
1659	ENSMUSG00000028256	chr3	+	145119294	145119358	145119525
1666	ENSMUSG00000028034	chr3	+	152214067	152215630	152217408
1667	ENSMUSG00000028034	chr3	+	152226208	152226217	152228170
1668	ENSMUSG00000025437	chr3	+	152389831	152389843	152391649
1669	ENSMUSG00000005124	chr15	+	66906488	66906680	66912828
1670	ENSMUSG00000028199	chr3	+	154605015	154605115	154606378
1671	ENSMUSG00000029108	chr5	+	57913348	57913372	57915803
1672	ENSMUSG00000029108	chr5	+	57913348	57913372	57942166
1673	ENSMUSG00000039988	chr3	+	157973045	157975294	157988639
1674	ENSMUSG00000042228	chr4	+	3738798	3738861	3742441
1675	ENSMUSG00000042228	chr4	+	3738798	3738861	3743196
1676	ENSMUSG00000042198	chr4	+	3938962	3939131	3939423
1681	ENSMUSG00000041216	chr4	+	9282008	9282012	9424185
1682	ENSMUSG00000013622	chr5	+	31049483	31049580	31052196
1683	ENSMUSG00000013622	chr5	+	31052268	31052884	31053960
1687	ENSMUSG00000015942	chr5	+	134191277	134191427	134192652
1689	ENSMUSG00000028252	chr4	+	21735464	21735468	21740591
1690	ENSMUSG00000040410	chr4	+	22422788	22423927	22427149
1697	ENSMUSG00000029166	chr5	+	30862643	30863405	30864573
1698	ENSMUSG00000029166	chr5	+	30863360	30863405	30864573
1700	ENSMUSG00000036402	chr6	+	66943877	66943882	67015724
1701	ENSMUSG00000002963	chr7	+	44858209	44858749	44859722
1702	ENSMUSG00000028410	chr4	+	40726209	40728183	40730172
1708	ENSMUSG00000036073	chr4	+	41756561	41756811	41756938
1710	ENSMUSG00000035969	chr4	+	43425649	43426128	43426227
1713	ENSMUSG00000028468	chr4	+	43579424	43579509	43579886
1714	ENSMUSG00000040482	chr17	+	34837216	34837241	34837392
1715	ENSMUSG00000038271	chr6	+	125151803	125152771	125153409
1718	ENSMUSG00000028312	chr4	+	52439334	52439410	52440200
1719	ENSMUSG00000028312	chr4	+	52439334	52439410	52442252
1720	ENSMUSG00000026074	chr1	+	40007530	40007539	40009687
1723	ENSMUSG00000004952	chr5	+	136104653	136105739	136107070
1726	ENSMUSG00000059810	chr4	+	62625177	62625202	62625741
1727	ENSMUSG00000045672	chr4	+	63273103	63273111	63275927
1728	ENSMUSG00000033540	chr5	+	108681077	108681204	108681379
1730	ENSMUSG00000059689	chr6	+	117843392	117843396	117844982
1731	ENSMUSG00000059689	chr6	+	117843392	117843606	117844982
1732	ENSMUSG00000059689	chr6	+	117843396	117843606	117844982
1733	ENSMUSG00000059689	chr6	+	117843392	117843396	117845024
1734	ENSMUSG00000027333	chr2	+	131520268	131521171	131522058
1735	ENSMUSG00000027333	chr2	+	131520646	131521171	131522058
1737	ENSMUSG00000027222	chr2	+	92378673	92378715	92378795
1738	ENSMUSG00000064247	chr5	+	110101928	110101930	110102175
1739	ENSMUSG00000064247	chr5	+	110102263	110102331	110102445
1740	ENSMUSG00000006386	chr4	+	94851874	94851877	94853368
1741	ENSMUSG00000030759	chr7	+	113513937	113514028	113525987
1746	ENSMUSG00000030822	chr7	+	127473716	127473986	127474378
1749	ENSMUSG00000073792	chr4	+	99750799	99752885	99752992
1750	ENSMUSG00000039202	chr7	+	79297207	79297303	79323468
1753	ENSMUSG00000003452	chr6	+	149519113	149519223	149520352
1754	ENSMUSG00000003452	chr6	+	149519113	149519223	149520380
1755	ENSMUSG00000003452	chr6	+	149519113	149519223	149550349
1757	ENSMUSG00000027680	chr3	+	34058081	34058231	34061827
1760	ENSMUSG00000028689	chr4	+	116710280	116710284	116711285
1761	ENSMUSG00000028689	chr4	+	116710280	116710284	116711310
1762	ENSMUSG00000028689	chr4	+	116710280	116710284	116714015
1768	ENSMUSG00000011257	chr4	+	123289074	123289213	123290198
1769	ENSMUSG00000011257	chr4	+	123295273	123295321	123295749
1770	ENSMUSG00000011257	chr4	+	123295273	123295321	123295929
1771	ENSMUSG00000010277	chr11	+	78261917	78262309	78262698
1772	ENSMUSG00000028646	chr4	+	123920052	123920441	123920950
1773	ENSMUSG00000046207	chr11	+	68534271	68534283	68536103
1774	ENSMUSG00000028861	chr4	+	126051409	126051965	126053499
1775	ENSMUSG00000028861	chr4	+	126051409	126051965	126054960
1778	ENSMUSG00000042408	chr4	+	127088336	127088554	127092911
1784	ENSMUSG00000028797	chr4	+	129601134	129601243	129601406
1785	ENSMUSG00000028797	chr4	+	129601134	129601243	129601869
1786	ENSMUSG00000028797	chr4	+	129601134	129601243	129602194
1787	ENSMUSG00000028797	chr4	+	129601533	129601625	129602194
1788	ENSMUSG00000028797	chr4	+	129601533	129601625	129602221
1789	ENSMUSG00000028797	chr4	+	129601134	129601243	129607086
1790	ENSMUSG00000040690	chr4	+	130081479	130081521	130083121
1791	ENSMUSG00000005262	chr16	+	18814936	18814962	18815328
1792	ENSMUSG00000054405	chr4	+	132544122	132544751	132546636
1795	ENSMUSG00000012126	chr4	+	134109645	134109658	134112514
1796	ENSMUSG00000012126	chr4	+	134109645	134109658	134116030
1798	ENSMUSG00000066037	chr4	+	136316479	136316484	136317083
1799	ENSMUSG00000020712	chr11	+	106285641	106285806	106286375
1805	ENSMUSG00000006215	chr4	+	141464471	141464478	141464559
1808	ENSMUSG00000048148	chr8	+	72705068	72705111	72707386
1810	ENSMUSG00000017264	chr4	+	148572969	148573029	148573110
1818	ENSMUSG00000068748	chr6	+	23000199	23002746	23007273
1821	ENSMUSG00000024949	chr19	+	6374283	6374287	6374548
1822	ENSMUSG00000026104	chr1	+	52120035	52120072	52122590
1823	ENSMUSG00000026104	chr1	+	52120035	52120110	52122590
1827	ENSMUSG00000061288	chr5	+	117204395	117206526	117206646
1829	ENSMUSG00000029071	chr4	+	155853758	155854086	155854329
1830	ENSMUSG00000040563	chr9	+	21947052	21947068	21947380
1831	ENSMUSG00000029033	chr4	+	155903467	155903513	155903750
1832	ENSMUSG00000029033	chr4	+	155903513	155903858	155904827
1833	ENSMUSG00000023286	chr4	+	155944013	155944150	155949006
1837	ENSMUSG00000003161	chr5	+	8062427	8063000	8063259
1838	ENSMUSG00000054099	chr5	+	8440788	8442571	8443611
1839	ENSMUSG00000056004	chr5	+	9410697	9410731	9417984
1840	ENSMUSG00000061601	chr5	+	14680013	14682387	14712416
1841	ENSMUSG00000036054	chr8	+	70260589	70261317	70262870
1843	ENSMUSG00000075703	chr5	+	30257761	30257820	30263070
1844	ENSMUSG00000038828	chr5	+	30871570	30871855	30872071
1845	ENSMUSG00000038828	chr5	+	30872768	30872904	30873042
1846	ENSMUSG00000006638	chr5	+	30950172	30950248	30952884
1847	ENSMUSG00000006638	chr5	+	30953525	30953991	30954090
1850	ENSMUSG00000029146	chr5	+	31193378	31193465	31193868
1851	ENSMUSG00000029148	chr5	+	31244288	31244559	31244876
1853	ENSMUSG00000037426	chr5	+	32904532	32904544	32910456
1854	ENSMUSG00000054252	chr5	+	33721928	33721954	33722305
1855	ENSMUSG00000057406	chr5	+	33871501	33871634	33879057
1857	ENSMUSG00000036990	chr8	+	79665017	79665143	79666715
1858	ENSMUSG00000024457	chr17	+	36837264	36837283	36837496
1864	ENSMUSG00000015880	chr5	+	45691826	45693338	45693751
1866	ENSMUSG00000039178	chr5	+	53830498	53830500	53831366
1867	ENSMUSG00000039178	chr5	+	53830498	53830500	53832969
1868	ENSMUSG00000039178	chr5	+	53830498	53830555	53832969
1869	ENSMUSG00000039178	chr5	+	53830500	53830555	53832969
1870	ENSMUSG00000028759	chr4	+	138216740	138216799	138221525
1871	ENSMUSG00000028759	chr4	+	138216740	138216799	138222088
1872	ENSMUSG00000028759	chr4	+	138221718	138221723	138222088
1873	ENSMUSG00000028804	chr4	+	128395082	128395090	128400300
1875	ENSMUSG00000015095	chr2	+	25503641	25503866	25504179
1876	ENSMUSG00000015095	chr2	+	25503641	25503866	25504416
1878	ENSMUSG00000027951	chr3	+	89745523	89745601	89745819
1879	ENSMUSG00000024220	chr17	+	28201440	28202348	28202434
1880	ENSMUSG00000024220	chr17	+	28201440	28202348	28203085
1881	ENSMUSG00000024220	chr17	+	28203250	28203260	28204454
1884	ENSMUSG00000005672	chr5	+	75639146	75639158	75640492
1885	ENSMUSG00000036377	chr5	+	76859145	76859154	76865999
1887	ENSMUSG00000035158	chr6	+	97994429	97994464	97996373
1888	ENSMUSG00000035851	chr5	+	86828121	86829479	86830553
1890	ENSMUSG00000060961	chr5	+	89046365	89046392	89084641
1891	ENSMUSG00000042185	chr9	+	31397137	31397205	31397719
1898	ENSMUSG00000058013	chr5	+	93138537	93138596	93139448
1899	ENSMUSG00000029335	chr5	+	98872934	98873007	98879737
1904	ENSMUSG00000015957	chr7	+	98847287	98847451	98850226
1905	ENSMUSG00000005893	chr6	+	92163220	92163258	92164187
1907	ENSMUSG00000029290	chr5	+	105886428	105888839	105891117
1912	ENSMUSG00000029267	chr5	+	108069363	108069523	108073306
1913	ENSMUSG00000029267	chr5	+	108069363	108069523	108080824
1914	ENSMUSG00000029267	chr5	+	108081218	108081222	108086998
1916	ENSMUSG00000024985	chr19	+	55910669	55910681	55912558
1917	ENSMUSG00000024985	chr19	+	55910669	55910681	55917353
1922	ENSMUSG00000003549	chr7	+	19355172	19355179	19355292
1923	ENSMUSG00000033316	chr5	+	110617933	110617970	110619164
1930	ENSMUSG00000029577	chr5	+	114401437	114401441	114402521
1931	ENSMUSG00000029577	chr5	+	114404711	114404715	114406171
1934	ENSMUSG00000029559	chr5	+	114945828	114945907	114946017
1937	ENSMUSG00000029359	chr5	+	118056438	118056443	118056536
1945	ENSMUSG00000029601	chr5	+	120602460	120602559	120605128
1952	ENSMUSG00000004455	chr5	+	122172803	122172955	122173145
1953	ENSMUSG00000059327	chrX	+	100395107	100395143	100395674
1954	ENSMUSG00000059327	chrX	+	100395813	100395830	100396904
1956	ENSMUSG00000063409	chr5	+	123503296	123503317	123503546
1957	ENSMUSG00000031442	chr8	+	13013998	13014007	13014818
1958	ENSMUSG00000000915	chr5	+	124001090	124001092	124001205
1962	ENSMUSG00000029482	chr5	+	125512737	125512738	125513101
1964	ENSMUSG00000029439	chr5	+	129504105	129504152	129504762
1965	ENSMUSG00000029439	chr5	+	129516132	129516151	129539574
1966	ENSMUSG00000029439	chr5	+	129543295	129543379	129549453
1973	ENSMUSG00000040532	chr5	+	135011060	135011665	135011886
1974	ENSMUSG00000000916	chr5	+	135375065	135375105	135375274
1978	ENSMUSG00000030428	chr7	+	4122612	4122651	4124619
1979	ENSMUSG00000030428	chr7	+	4122612	4122655	4124619
1980	ENSMUSG00000030428	chr7	+	4122651	4122655	4124619
1983	ENSMUSG00000039623	chr5	+	142470556	142472384	142473907
1986	ENSMUSG00000038722	chr5	+	145141360	145141436	145142447
1995	ENSMUSG00000041264	chr5	+	149187834	149187876	149188344
1996	ENSMUSG00000041147	chr5	+	150522896	150523090	150523174
1997	ENSMUSG00000041147	chr5	+	150531733	150532402	150534592
1998	ENSMUSG00000034021	chr5	+	150796670	150796676	150800577
1999	ENSMUSG00000034127	chr10	+	115817350	115817386	115817492
2001	ENSMUSG00000040213	chr3	+	142706791	142706795	142718375
2002	ENSMUSG00000007655	chr6	+	17306479	17306489	17307880
2007	ENSMUSG00000039629	chr6	+	29931355	29931829	29932202
2009	ENSMUSG00000087380	chr6	+	31328360	31328389	31335990
2012	ENSMUSG00000038836	chr6	+	34780992	34781059	34782099
2013	ENSMUSG00000038836	chr6	+	34798321	34798332	34799132
2014	ENSMUSG00000038759	chr6	+	35214383	35214399	35214645
2015	ENSMUSG00000029833	chr6	+	37945687	37945789	37949221
2016	ENSMUSG00000029823	chr6	+	38555063	38557380	38557851
2017	ENSMUSG00000029823	chr6	+	38555063	38557380	38559203
2018	ENSMUSG00000003865	chr7	+	45448011	45448028	45448252
2019	ENSMUSG00000029916	chr6	+	40352432	40354807	40355013
2021	ENSMUSG00000031753	chr8	+	110849922	110849950	110851335
2024	ENSMUSG00000045466	chr6	+	47957602	47957724	47962524
2026	ENSMUSG00000032086	chr9	+	45854655	45854843	45856087
2028	ENSMUSG00000029787	chr6	+	56730680	56730711	56735362
2029	ENSMUSG00000062190	chr6	+	57737754	57737958	57739024
2030	ENSMUSG00000062190	chr6	+	57737754	57737958	57739071
2031	ENSMUSG00000023393	chr2	+	180732007	180732077	180732432
2032	ENSMUSG00000023393	chr2	+	180736783	180736896	180737006
2034	ENSMUSG00000001100	chr11	+	78519305	78519368	78521151
2035	ENSMUSG00000034940	chr11	+	83986851	83987047	83987912
2041	ENSMUSG00000034744	chr6	+	83796991	83797275	83797955
2042	ENSMUSG00000030016	chr6	+	83914479	83914489	83928652
2043	ENSMUSG00000030016	chr6	+	83914479	83914489	83934948
2044	ENSMUSG00000030016	chr6	+	83976350	83977429	83978021
2045	ENSMUSG00000071337	chr6	+	86413900	86413906	86416302
2046	ENSMUSG00000071337	chr6	+	86425070	86425203	86425449
2047	ENSMUSG00000046679	chr6	+	86438794	86438846	86443726
2048	ENSMUSG00000018796	chr8	+	46491050	46491161	46492799
2049	ENSMUSG00000030263	chr6	+	145137607	145138086	145138181
2050	ENSMUSG00000004264	chr6	+	124716030	124716430	124716605
2051	ENSMUSG00000013736	chr6	+	106769191	106769256	106769829
2052	ENSMUSG00000030409	chr7	+	19088100	19088109	19088187
2053	ENSMUSG00000030409	chr7	+	19088249	19088264	19088910
2054	ENSMUSG00000030409	chr7	+	19092036	19092254	19092417
2055	ENSMUSG00000030409	chr7	+	19092036	19092254	19092546
2056	ENSMUSG00000030271	chr6	+	113328479	113328612	113329228
2058	ENSMUSG00000028973	chr5	+	24406494	24407455	24408567
2062	ENSMUSG00000071226	chr6	+	120756853	120756937	120757565
2064	ENSMUSG00000026439	chr1	+	132484801	132484918	132489587
2065	ENSMUSG00000026439	chr1	+	132484801	132484918	132492552
2066	ENSMUSG00000026439	chr1	+	132498007	132498121	132503766
2067	ENSMUSG00000038346	chr6	+	125024270	125024552	125024745
2068	ENSMUSG00000038346	chr6	+	125031853	125032612	125033239
2070	ENSMUSG00000001930	chr6	+	125657268	125657341	125658715
2075	ENSMUSG00000040187	chr6	+	146828159	146828186	146829692
2076	ENSMUSG00000035674	chr7	+	3617691	3618140	3619429
2078	ENSMUSG00000008373	chr7	+	3630742	3630747	3630844
2079	ENSMUSG00000031985	chr8	+	124873479	124873509	124874218
2080	ENSMUSG00000031985	chr8	+	124886779	124886946	124887757
2081	ENSMUSG00000030435	chr7	+	5075227	5075239	5075467
2089	ENSMUSG00000031782	chr8	+	94850599	94850639	94851850
2091	ENSMUSG00000047428	chr17	+	46301709	46301788	46302365
2099	ENSMUSG00000004500	chr7	+	12968921	12968968	12969363
2100	ENSMUSG00000033961	chr7	+	12978112	12978218	12978997
2101	ENSMUSG00000033961	chr7	+	12979979	12980993	12981845
2102	ENSMUSG00000029658	chr5	+	149563245	149563308	149564357
2103	ENSMUSG00000029658	chr5	+	149580884	149580989	149581827
2104	ENSMUSG00000029578	chr5	+	142658288	142659162	142659532
2105	ENSMUSG00000037541	chr7	+	144396431	144396440	144398240
2106	ENSMUSG00000006024	chr7	+	16113405	16113560	16114120
2107	ENSMUSG00000040811	chr7	+	19182399	19182440	19184789
2110	ENSMUSG00000097145	chr5	+	52192978	52193596	52194397
2111	ENSMUSG00000097145	chr5	+	52192978	52193596	52194800
2117	ENSMUSG00000040599	chr11	+	71019723	71020189	71024549
2118	ENSMUSG00000000167	chr9	+	50619838	50619878	50620944
2119	ENSMUSG00000049643	chr7	+	27571701	27571748	27574590
2120	ENSMUSG00000037563	chr7	+	28352273	28352410	28352493
2121	ENSMUSG00000015149	chr7	+	28785719	28785882	28785964
2122	ENSMUSG00000053964	chr7	+	28840610	28840691	28840863
2123	ENSMUSG00000030589	chr7	+	29149131	29149146	29149798
2124	ENSMUSG00000016933	chr2	+	160753564	160753569	160753642
2125	ENSMUSG00000030584	chr7	+	29312912	29312926	29313081
2128	ENSMUSG00000037816	chr13	+	50419877	50419991	50423201
2129	ENSMUSG00000037816	chr13	+	50419877	50420028	50423201
2130	ENSMUSG00000037816	chr13	+	50419991	50420028	50423201
2131	ENSMUSG00000037816	chr13	+	50432261	50432346	50432427
2134	ENSMUSG00000074165	chr7	+	41634710	41634899	41643332
2139	ENSMUSG00000003273	chr7	+	45702928	45703134	45703458
2141	ENSMUSG00000030505	chr7	+	49780343	49780391	49781120
2142	ENSMUSG00000051504	chr7	+	55769107	55769165	55769331
2149	ENSMUSG00000031700	chr8	+	85505687	85505867	85509178
2151	ENSMUSG00000053091	chr7	+	66708728	66708743	66709293
2156	ENSMUSG00000066406	chr7	+	75611548	75611560	75614920
2158	ENSMUSG00000030611	chr7	+	78783680	78783686	78788674
2160	ENSMUSG00000004568	chr8	+	3393102	3393224	3427348
2161	ENSMUSG00000038943	chr7	+	80311171	80311180	80312216
2162	ENSMUSG00000038943	chr7	+	80313131	80313208	80313526
2163	ENSMUSG00000020549	chr11	+	64992354	64992359	64992438
2166	ENSMUSG00000034254	chr17	+	34610926	34611005	34611273
2167	ENSMUSG00000034254	chr17	+	34610926	34611005	34611604
2168	ENSMUSG00000032268	chr9	+	49109455	49109475	49111467
2169	ENSMUSG00000031634	chr8	+	45980492	45980639	45983522
2171	ENSMUSG00000074771	chr2	+	136544782	136544796	136545710
2172	ENSMUSG00000030649	chr7	+	101897787	101897817	101897941
2173	ENSMUSG00000070425	chr7	+	102078818	102078897	102079004
2174	ENSMUSG00000070425	chr7	+	102082441	102083018	102083860
2176	ENSMUSG00000030990	chr7	+	102235759	102235872	102236093
2177	ENSMUSG00000030990	chr7	+	102236542	102236554	102237121
2179	ENSMUSG00000033287	chr15	+	78436994	78437099	78437583
2180	ENSMUSG00000030890	chr7	+	105741483	105741539	105741786
2181	ENSMUSG00000030890	chr7	+	105741483	105741707	105741786
2182	ENSMUSG00000030890	chr7	+	105741539	105741707	105741786
2185	ENSMUSG00000031570	chr8	+	25720335	25720375	25720554
2186	ENSMUSG00000046364	chr7	+	109519648	109519993	109520467
2187	ENSMUSG00000060260	chr7	+	139256160	139256465	139266471
2193	ENSMUSG00000032743	chr7	+	125843054	125843453	125850298
2199	ENSMUSG00000052301	chr7	+	126851375	126851446	126851536
2201	ENSMUSG00000030683	chr7	+	126968256	126968278	126970052
2202	ENSMUSG00000030811	chr7	+	127750897	127751026	127752009
2203	ENSMUSG00000030811	chr7	+	127750897	127751028	127752009
2204	ENSMUSG00000030811	chr7	+	127751026	127751028	127752009
2208	ENSMUSG00000030782	chr7	+	128248472	128248720	128248903
2209	ENSMUSG00000030782	chr7	+	128248720	128248974	128249089
2210	ENSMUSG00000030782	chr7	+	128248974	128249195	128249299
2211	ENSMUSG00000030965	chr7	+	132864983	132865053	132869032
2215	ENSMUSG00000056763	chr1	+	10039879	10039887	10045075
2216	ENSMUSG00000056763	chr1	+	10045184	10045193	10047423
2217	ENSMUSG00000056763	chr1	+	10130032	10130085	10132453
2218	ENSMUSG00000068205	chr2	+	142256583	142256631	142261092
2219	ENSMUSG00000063704	chr15	+	75998259	75998263	75998370
2220	ENSMUSG00000025505	chr7	+	141332929	141333008	141333637
2221	ENSMUSG00000025505	chr7	+	141332929	141333008	141333647
2228	ENSMUSG00000025510	chr7	+	141467466	141467584	141468418
2229	ENSMUSG00000025510	chr7	+	141467466	141467584	141469254
2232	ENSMUSG00000004626	chr8	+	3631204	3631278	3632219
2233	ENSMUSG00000004626	chr8	+	3632581	3632600	3633290
2234	ENSMUSG00000011832	chr8	+	4203076	4203174	4203513
2235	ENSMUSG00000011832	chr8	+	4206151	4206327	4206495
2236	ENSMUSG00000023235	chr8	+	4327850	4327893	4333122
2237	ENSMUSG00000023235	chr8	+	4327850	4327893	4347713
2238	ENSMUSG00000023235	chr8	+	4327850	4327893	4348502
2239	ENSMUSG00000023235	chr8	+	4327850	4327893	4349771
2240	ENSMUSG00000023235	chr8	+	4327850	4327893	4353882
2242	ENSMUSG00000035601	chr4	+	45301344	45301350	45304263
2244	ENSMUSG00000031565	chr8	+	25557814	25557820	25558070
2245	ENSMUSG00000031565	chr8	+	25566907	25566913	25568187
2247	ENSMUSG00000031543	chr8	+	23132471	23132483	23132561
2248	ENSMUSG00000031543	chr8	+	23141229	23141304	23141595
2250	ENSMUSG00000067367	chr5	+	38223227	38223231	38224626
2252	ENSMUSG00000022545	chr16	+	13111884	13111911	13121995
2253	ENSMUSG00000022545	chr16	+	13130734	13131022	13132857
2254	ENSMUSG00000052446	chr8	+	71965916	71965920	71966099
2255	ENSMUSG00000052446	chr8	+	71965916	71965990	71966099
2256	ENSMUSG00000052446	chr8	+	71965920	71965990	71966099
2257	ENSMUSG00000019710	chr3	+	87919705	87919828	87921816
2258	ENSMUSG00000019710	chr3	+	87919705	87919828	87922130
2260	ENSMUSG00000022763	chr16	+	17500398	17500534	17500746
2261	ENSMUSG00000036469	chr8	+	66456188	66456200	66468231
2263	ENSMUSG00000002342	chr8	+	70179018	70179022	70180538
2264	ENSMUSG00000002342	chr8	+	70180849	70180868	70181148
2265	ENSMUSG00000002342	chr8	+	70180849	70181049	70181148
2266	ENSMUSG00000002342	chr8	+	70180868	70181049	70181148
2267	ENSMUSG00000004677	chr8	+	71350189	71350195	71350926
2268	ENSMUSG00000074247	chr8	+	71472117	71472246	71473774
2271	ENSMUSG00000031618	chr8	+	77085666	77085678	77155201
2272	ENSMUSG00000071064	chr8	+	79186353	79186358	79188148
2273	ENSMUSG00000071064	chr8	+	79186353	79186358	79188153
2279	ENSMUSG00000003808	chr8	+	84860957	84861043	84861126
2280	ENSMUSG00000003812	chr8	+	84908870	84908874	84908984
2286	ENSMUSG00000031885	chr8	+	105202547	105202578	105215903
2291	ENSMUSG00000031818	chr8	+	120668355	120668375	120669308
2292	ENSMUSG00000000738	chr8	+	123066575	123066579	123070379
2293	ENSMUSG00000001065	chr8	+	123258357	123258389	123259430
2294	ENSMUSG00000025812	chr8	+	127398750	127398759	127405374
2295	ENSMUSG00000025812	chr8	+	127409617	127409704	127410728
2296	ENSMUSG00000025812	chr8	+	127409617	127409707	127410728
2297	ENSMUSG00000025812	chr8	+	127409704	127409707	127410728
2298	ENSMUSG00000025812	chr8	+	127409617	127409704	127415569
2299	ENSMUSG00000025812	chr8	+	127409617	127409707	127415569
2300	ENSMUSG00000025812	chr8	+	127409704	127409707	127415569
2307	ENSMUSG00000025477	chr7	+	139478095	139478127	139481631
2308	ENSMUSG00000025477	chr7	+	139578218	139578269	139578353
2310	ENSMUSG00000040918	chr1	+	164257235	164257349	164260791
2317	ENSMUSG00000023186	chr9	+	38738616	38738720	38741097
2318	ENSMUSG00000025602	chr9	+	40207690	40207694	40208304
2324	ENSMUSG00000079109	chr5	+	143925501	143926073	143928098
2325	ENSMUSG00000079109	chr5	+	143928266	143929042	143929180
2326	ENSMUSG00000024347	chr18	+	35988238	35988241	36002923
2327	ENSMUSG00000024347	chr18	+	36005900	36005909	36006076
2329	ENSMUSG00000042557	chr9	+	57118162	57118171	57119092
2330	ENSMUSG00000032295	chr9	+	57131258	57131281	57131531
2331	ENSMUSG00000032295	chr9	+	57131258	57131285	57131531
2332	ENSMUSG00000032295	chr9	+	57131281	57131285	57131531
2334	ENSMUSG00000033543	chr9	+	70012661	70012952	70015291
2335	ENSMUSG00000033543	chr9	+	70016923	70017191	70018679
2336	ENSMUSG00000033543	chr9	+	70016923	70017191	70019388
2339	ENSMUSG00000031626	chr8	+	45799798	45799801	45800964
2340	ENSMUSG00000027207	chr2	+	125866368	125866385	125878277
2341	ENSMUSG00000029502	chr5	+	110176922	110177049	110181602
2342	ENSMUSG00000029502	chr5	+	110184487	110184607	110185785
2345	ENSMUSG00000028552	chr4	+	109321217	109321325	109322069
2346	ENSMUSG00000028552	chr4	+	109361324	109361867	109366123
2350	ENSMUSG00000042073	chr9	+	106448294	106448328	106450003
2353	ENSMUSG00000032595	chr9	+	107998765	107998789	107998996
2357	ENSMUSG00000037846	chr10	+	67987503	67987512	67997564
2359	ENSMUSG00000006676	chr9	+	108494687	108494698	108494811
2360	ENSMUSG00000023259	chr9	+	108857050	108857105	108857191
2362	ENSMUSG00000032479	chr9	+	110079893	110079896	110081420
2363	ENSMUSG00000032482	chr9	+	110256220	110256301	110262059
2364	ENSMUSG00000032489	chr9	+	110477083	110477114	110477998
2365	ENSMUSG00000032489	chr9	+	110477083	110477114	110483060
2366	ENSMUSG00000044791	chr9	+	110561239	110561248	110562936
2367	ENSMUSG00000032495	chr9	+	110957946	110957956	110960801
2368	ENSMUSG00000032495	chr9	+	110957946	110957956	110962514
2369	ENSMUSG00000070420	chr5	+	145283780	145283784	145286307
2370	ENSMUSG00000070420	chr5	+	145283780	145283784	145287307
2372	ENSMUSG00000032519	chr9	+	120119955	120120005	120120256
2373	ENSMUSG00000038145	chr9	+	122132706	122132750	122133960
2374	ENSMUSG00000038145	chr9	+	122132706	122132750	122133986
2378	ENSMUSG00000032322	chr9	+	56123793	56124673	56125123
2379	ENSMUSG00000031148	chrX	+	7705372	7705432	7706010
2380	ENSMUSG00000031154	chrX	+	7867823	7867838	7867922
