	GeneID	chr	strand	RiStart	RiEnd
3	ENSMUSG00000038344	chrX	-	162786616	162787678
4	ENSMUSG00000038344	chrX	-	162811291	162811595
7	ENSMUSG00000025268	chrX	-	150808720	150809152
8	ENSMUSG00000025268	chrX	-	150811822	150812314
9	ENSMUSG00000025272	chrX	-	150645693	150649655
10	ENSMUSG00000025272	chrX	-	150650976	150651458
11	ENSMUSG00000044348	chrX	-	137015256	137016339
12	ENSMUSG00000067369	chrX	-	134238142	134238586
13	ENSMUSG00000067369	chrX	-	134240078	134240569
16	ENSMUSG00000031310	chrX	-	101415760	101416461
18	ENSMUSG00000046032	chrX	-	101211958	101213864
19	ENSMUSG00000031297	chrX	-	101080100	101080871
20	ENSMUSG00000057421	chrX	-	95947769	95950446
21	ENSMUSG00000057421	chrX	-	95953221	95955211
22	ENSMUSG00000025151	chrX	-	94536873	94537356
23	ENSMUSG00000025151	chrX	-	94537293	94537584
24	ENSMUSG00000025151	chrX	-	94537675	94538065
36	ENSMUSG00000031386	chrX	-	73946709	73947050
37	ENSMUSG00000031387	chrX	-	73929115	73930517
38	ENSMUSG00000031389	chrX	-	73899844	73900469
39	ENSMUSG00000031389	chrX	-	73900098	73900469
40	ENSMUSG00000002010	chrX	-	73780573	73781030
41	ENSMUSG00000002010	chrX	-	73782005	73782716
43	ENSMUSG00000057836	chrX	-	73090858	73093304
46	ENSMUSG00000036932	chrX	-	48483154	48484635
48	ENSMUSG00000037475	chrX	-	41822692	41823546
49	ENSMUSG00000036502	chrX	-	38224580	38225125
54	ENSMUSG00000041096	chrX	-	152340085	152340380
57	ENSMUSG00000051007	chr7	-	141409845	141410885
58	ENSMUSG00000025144	chr11	-	120711702	120711895
59	ENSMUSG00000076437	chr2	-	84670244	84670676
60	ENSMUSG00000042272	chr2	-	77198288	77199060
61	ENSMUSG00000035047	chr9	-	21280163	21280489
62	ENSMUSG00000035047	chr9	-	21281661	21281911
68	ENSMUSG00000003166	chr16	-	17858359	17859526
69	ENSMUSG00000003166	chr16	-	17858359	17859526
70	ENSMUSG00000036002	chr4	-	43035835	43037206
72	ENSMUSG00000026869	chr2	-	34856447	34857829
73	ENSMUSG00000026869	chr2	-	34865526	34866095
75	ENSMUSG00000002550	chr2	-	32258276	32258667
77	ENSMUSG00000039648	chr2	-	30185125	30185753
78	ENSMUSG00000039686	chr2	-	30107494	30108122
79	ENSMUSG00000039686	chr2	-	30107975	30108335
80	ENSMUSG00000039686	chr2	-	30108220	30110381
82	ENSMUSG00000036067	chr2	-	27023087	27023643
83	ENSMUSG00000036067	chr2	-	27023534	27024793
87	ENSMUSG00000026927	chr2	-	26385497	26386063
88	ENSMUSG00000026927	chr2	-	26386654	26387671
89	ENSMUSG00000036281	chr2	-	26372730	26373080
90	ENSMUSG00000036281	chr2	-	26373318	26374185
92	ENSMUSG00000026958	chr2	-	25353152	25354293
93	ENSMUSG00000026958	chr2	-	25354892	25355721
94	ENSMUSG00000026958	chr2	-	25354892	25355953
95	ENSMUSG00000026958	chr2	-	25355813	25356142
99	ENSMUSG00000006471	chr2	-	25249793	25250197
102	ENSMUSG00000034101	chr2	-	84608328	84609074
104	ENSMUSG00000022562	chr15	-	76296602	76297018
105	ENSMUSG00000022562	chr15	-	76297618	76298040
108	ENSMUSG00000004642	chr5	-	33645499	33646069
110	ENSMUSG00000017754	chr2	-	164852472	164852680
111	ENSMUSG00000028969	chr5	-	24422331	24422558
114	ENSMUSG00000017210	chr11	-	98705118	98705602
115	ENSMUSG00000017210	chr11	-	98716413	98718142
116	ENSMUSG00000025221	chr19	-	45796278	45797186
117	ENSMUSG00000074818	chr19	-	45028723	45029323
118	ENSMUSG00000025188	chr19	-	42756257	42757906
120	ENSMUSG00000032480	chr9	-	110084728	110085053
121	ENSMUSG00000032480	chr9	-	110085684	110086031
122	ENSMUSG00000032480	chr9	-	110086931	110087195
123	ENSMUSG00000032480	chr9	-	110092315	110093159
124	ENSMUSG00000032480	chr9	-	110115035	110115582
125	ENSMUSG00000032480	chr9	-	110115035	110115582
126	ENSMUSG00000038199	chr5	-	24550122	24550805
134	ENSMUSG00000066621	chr5	-	144196131	144196458
135	ENSMUSG00000066621	chr5	-	144214055	144214419
136	ENSMUSG00000066621	chr5	-	144216902	144217408
137	ENSMUSG00000036098	chr19	-	10215741	10216149
141	ENSMUSG00000054874	chr19	-	5686626	5687218
144	ENSMUSG00000024695	chr19	-	12775994	12776462
148	ENSMUSG00000026437	chr1	-	132116446	132116701
149	ENSMUSG00000048794	chr6	-	90409341	90409650
161	ENSMUSG00000024454	chr18	-	37940952	37941766
162	ENSMUSG00000024454	chr18	-	37940952	37941766
163	ENSMUSG00000024454	chr18	-	37941378	37941766
164	ENSMUSG00000024454	chr18	-	37943677	37944209
166	ENSMUSG00000006289	chr14	-	50916799	50917503
170	ENSMUSG00000035478	chr10	-	80392538	80393280
172	ENSMUSG00000030110	chr6	-	118151747	118155435
173	ENSMUSG00000090137	chr8	-	70509295	70509634
182	ENSMUSG00000042625	chr17	-	56562938	56563431
186	ENSMUSG00000074646	chr2	-	156003100	156003485
187	ENSMUSG00000038502	chr7	-	44863534	44864487
188	ENSMUSG00000038502	chr7	-	44864761	44865002
189	ENSMUSG00000034009	chr3	-	79648072	79650824
190	ENSMUSG00000024426	chr17	-	35908562	35908966
191	ENSMUSG00000024426	chr17	-	35909087	35909350
192	ENSMUSG00000089661	chr7	-	27180168	27180833
197	ENSMUSG00000038762	chr17	-	35963125	35963392
202	ENSMUSG00000015467	chr17	-	34613776	34613930
203	ENSMUSG00000096727	chr17	-	34183614	34184413
204	ENSMUSG00000024335	chr17	-	34113931	34114478
206	ENSMUSG00000073422	chr17	-	34026032	34026470
207	ENSMUSG00000073422	chr17	-	34026850	34027101
208	ENSMUSG00000073422	chr17	-	34027405	34027840
209	ENSMUSG00000008668	chr17	-	33952220	33952591
210	ENSMUSG00000008668	chr17	-	33952220	33952591
214	ENSMUSG00000020460	chr11	-	29546702	29547260
216	ENSMUSG00000024026	chr17	-	30592865	30594226
218	ENSMUSG00000026209	chr1	-	75315618	75316070
219	ENSMUSG00000026209	chr1	-	75316540	75316803
220	ENSMUSG00000002249	chr17	-	28335484	28336573
223	ENSMUSG00000036775	chr17	-	26083844	26084135
225	ENSMUSG00000061046	chr17	-	25783502	25783886
226	ENSMUSG00000061046	chr17	-	25784074	25784572
227	ENSMUSG00000026571	chr1	-	165338187	165340023
228	ENSMUSG00000024327	chr17	-	34030089	34030421
229	ENSMUSG00000040688	chr17	-	24702144	24702623
230	ENSMUSG00000040688	chr17	-	24704810	24705317
231	ENSMUSG00000040688	chr17	-	24705146	24705481
232	ENSMUSG00000030720	chr7	-	126575202	126575412
233	ENSMUSG00000036820	chr17	-	24157739	24158062
234	ENSMUSG00000033475	chr17	-	47686739	47687288
235	ENSMUSG00000043747	chr17	-	23712152	23712411
239	ENSMUSG00000059208	chr17	-	33666493	33666685
249	ENSMUSG00000046962	chr16	-	97947434	97953093
253	ENSMUSG00000022978	chr16	-	90719311	90720750
254	ENSMUSG00000022978	chr16	-	90726292	90727404
255	ENSMUSG00000038530	chr1	-	169744350	169744736
260	ENSMUSG00000040327	chr17	-	46500604	46500930
261	ENSMUSG00000040327	chr17	-	46521335	46521984
263	ENSMUSG00000027615	chr3	-	20012696	20014203
264	ENSMUSG00000027615	chr3	-	20028959	20029318
265	ENSMUSG00000027615	chr3	-	20030313	20030805
266	ENSMUSG00000039660	chr2	-	30175186	30175812
267	ENSMUSG00000039660	chr2	-	30177322	30177965
268	ENSMUSG00000039660	chr2	-	30177592	30177965
273	ENSMUSG00000064061	chr16	-	48935498	48937073
274	ENSMUSG00000073418	chr17	-	34728764	34729265
281	ENSMUSG00000027238	chr2	-	121545528	121548023
285	ENSMUSG00000032577	chr9	-	107262422	107263764
286	ENSMUSG00000032842	chr17	-	46304156	46304475
287	ENSMUSG00000032842	chr17	-	46323351	46324914
288	ENSMUSG00000026889	chr2	-	36134134	36136611
289	ENSMUSG00000035713	chr7	-	97311352	97312625
292	ENSMUSG00000022756	chr16	-	17573555	17574586
293	ENSMUSG00000022756	chr16	-	17573555	17574586
294	ENSMUSG00000022756	chr16	-	17573945	17574586
308	ENSMUSG00000037552	chr7	-	28364470	28364632
309	ENSMUSG00000037552	chr7	-	28370237	28371042
310	ENSMUSG00000037552	chr7	-	28370237	28371042
313	ENSMUSG00000022710	chr16	-	8697892	8698586
314	ENSMUSG00000036591	chr2	-	20855353	20855706
315	ENSMUSG00000010064	chr9	-	107655255	107655685
316	ENSMUSG00000010064	chr9	-	107655255	107655685
317	ENSMUSG00000010064	chr9	-	107656099	107656514
318	ENSMUSG00000049871	chr16	-	3962453	3965302
322	ENSMUSG00000002107	chr2	-	6539704	6547213
323	ENSMUSG00000002107	chr2	-	6539704	6547213
324	ENSMUSG00000002107	chr2	-	6604023	6607961
325	ENSMUSG00000099083	chr15	-	102547153	102547872
328	ENSMUSG00000025728	chr17	-	25931673	25932231
329	ENSMUSG00000006740	chr18	-	6210699	6211252
330	ENSMUSG00000026754	chr2	-	39047022	39047766
331	ENSMUSG00000026754	chr2	-	39047022	39047766
333	ENSMUSG00000041859	chr1	-	20805262	20805900
336	ENSMUSG00000003360	chr15	-	98650143	98650818
337	ENSMUSG00000003360	chr15	-	98651917	98652981
340	ENSMUSG00000022620	chr15	-	89474539	89475005
341	ENSMUSG00000036529	chr15	-	89301842	89302377
342	ENSMUSG00000025473	chr7	-	139984728	139985430
343	ENSMUSG00000025473	chr7	-	139986302	139986808
344	ENSMUSG00000025473	chr7	-	139987178	139987737
348	ENSMUSG00000000902	chr10	-	75904383	75906196
349	ENSMUSG00000017664	chr2	-	165283248	165283600
361	ENSMUSG00000019734	chr7	-	3671273	3672110
370	ENSMUSG00000022577	chr15	-	75565582	75566259
372	ENSMUSG00000002393	chr8	-	71375502	71375790
374	ENSMUSG00000046971	chr2	-	120303066	120303390
378	ENSMUSG00000022283	chr15	-	36597972	36598312
380	ENSMUSG00000026825	chr2	-	32308470	32310487
384	ENSMUSG00000030741	chr7	-	126373769	126375203
385	ENSMUSG00000054115	chr15	-	9111984	9116968
387	ENSMUSG00000039483	chr2	-	30824640	30825560
388	ENSMUSG00000042104	chr14	-	118994945	118998213
389	ENSMUSG00000024953	chr19	-	6907241	6908116
390	ENSMUSG00000026987	chr2	-	59920294	59922217
394	ENSMUSG00000028949	chr5	-	24595389	24595845
395	ENSMUSG00000024913	chr19	-	3593515	3597480
401	ENSMUSG00000002108	chr2	-	91190184	91190641
402	ENSMUSG00000002108	chr2	-	91190184	91190947
403	ENSMUSG00000027968	chr3	-	127546046	127546569
404	ENSMUSG00000027968	chr3	-	127546920	127547190
405	ENSMUSG00000026360	chr1	-	144002779	144003053
417	ENSMUSG00000001750	chr19	-	3898547	3898875
418	ENSMUSG00000001750	chr19	-	3901890	3902556
419	ENSMUSG00000001750	chr19	-	3903045	3903428
420	ENSMUSG00000037112	chr9	-	50892800	50894081
421	ENSMUSG00000037112	chr9	-	50892800	50895961
422	ENSMUSG00000037112	chr9	-	50892800	50895961
424	ENSMUSG00000022160	chr14	-	52299700	52300105
425	ENSMUSG00000031601	chr8	-	40499294	40500913
429	ENSMUSG00000035953	chr14	-	50929005	50929307
433	ENSMUSG00000002332	chr14	-	55743657	55745088
436	ENSMUSG00000024048	chr17	-	70996109	70996895
438	ENSMUSG00000037544	chr14	-	47394136	47395974
445	ENSMUSG00000042286	chr14	-	31139506	31140267
446	ENSMUSG00000042286	chr14	-	31139743	31140267
447	ENSMUSG00000042286	chr14	-	31139743	31140267
448	ENSMUSG00000042286	chr14	-	31139925	31140267
449	ENSMUSG00000042286	chr14	-	31140355	31140720
450	ENSMUSG00000042286	chr14	-	31142957	31143267
451	ENSMUSG00000021948	chr14	-	30605439	30605901
457	ENSMUSG00000026822	chr2	-	32384632	32385520
465	ENSMUSG00000024906	chr19	-	5483454	5483665
466	ENSMUSG00000024906	chr19	-	5485487	5486114
467	ENSMUSG00000039701	chr3	-	122961154	122961432
486	ENSMUSG00000002949	chr8	-	4265225	4266680
487	ENSMUSG00000022718	chr16	-	18277165	18278140
490	ENSMUSG00000060279	chr7	-	44902748	44903056
493	ENSMUSG00000094870	chr13	-	119775766	119776449
494	ENSMUSG00000004071	chr16	-	4768744	4769795
495	ENSMUSG00000004071	chr16	-	4768744	4769795
496	ENSMUSG00000073436	chr17	-	24894570	24895055
497	ENSMUSG00000025159	chr19	-	41945732	41947103
498	ENSMUSG00000025159	chr19	-	41949454	41949837
503	ENSMUSG00000021466	chr13	-	63533263	63533666
505	ENSMUSG00000039294	chr11	-	121225803	121227284
508	ENSMUSG00000021621	chr13	-	91800610	91801016
509	ENSMUSG00000026941	chr2	-	25568457	25568767
514	ENSMUSG00000024858	chr19	-	4287557	4287985
515	ENSMUSG00000024858	chr19	-	4291238	4291641
518	ENSMUSG00000027669	chr3	-	32589708	32590063
526	ENSMUSG00000039449	chr2	-	4637147	4638995
533	ENSMUSG00000025499	chr7	-	141190929	141191467
534	ENSMUSG00000025499	chr7	-	141191341	141192290
535	ENSMUSG00000027184	chr2	-	103775416	103775765
539	ENSMUSG00000025085	chr19	-	57040486	57041975
545	ENSMUSG00000027983	chr3	-	131297785	131298421
546	ENSMUSG00000048495	chr1	-	57393349	57394091
547	ENSMUSG00000029471	chr5	-	122763773	122764302
548	ENSMUSG00000021493	chr13	-	55506305	55507366
549	ENSMUSG00000021493	chr13	-	55507329	55507624
550	ENSMUSG00000040354	chr10	-	127296540	127296944
554	ENSMUSG00000020184	chr10	-	117694904	117696439
555	ENSMUSG00000019927	chr10	-	71259741	71262115
556	ENSMUSG00000000486	chr7	-	127217618	127218057
558	ENSMUSG00000030272	chr6	-	113334127	113336261
559	ENSMUSG00000030272	chr6	-	113334513	113336261
560	ENSMUSG00000030272	chr6	-	113338279	113339581
561	ENSMUSG00000030272	chr6	-	113339284	113339581
563	ENSMUSG00000038766	chr3	-	95203730	95204808
566	ENSMUSG00000020256	chr10	-	83503941	83504196
567	ENSMUSG00000098234	chr1	-	9942024	9942391
574	ENSMUSG00000032376	chr9	-	66520272	66520727
575	ENSMUSG00000043822	chr10	-	80342306	80343020
576	ENSMUSG00000043822	chr10	-	80344832	80345416
579	ENSMUSG00000013858	chr10	-	79977962	79978320
580	ENSMUSG00000013858	chr10	-	79978187	79978605
581	ENSMUSG00000013858	chr10	-	79977962	79978605
582	ENSMUSG00000013858	chr10	-	79978391	79978605
583	ENSMUSG00000027318	chr2	-	131053041	131053588
584	ENSMUSG00000027318	chr2	-	131053222	131053588
585	ENSMUSG00000027318	chr2	-	131053222	131053588
586	ENSMUSG00000027318	chr2	-	131053684	131054361
587	ENSMUSG00000027318	chr2	-	131053917	131054361
588	ENSMUSG00000027318	chr2	-	131056464	131056792
590	ENSMUSG00000068245	chr14	-	59348731	59349388
591	ENSMUSG00000068245	chr14	-	59352650	59353381
592	ENSMUSG00000068245	chr14	-	59355139	59356450
598	ENSMUSG00000002997	chr12	-	31958475	31960522
599	ENSMUSG00000024170	chr17	-	25101639	25103771
600	ENSMUSG00000024170	chr17	-	25106771	25107130
601	ENSMUSG00000023110	chr14	-	54516105	54516615
602	ENSMUSG00000023764	chr11	-	3133071	3135542
603	ENSMUSG00000023764	chr11	-	3134625	3135542
604	ENSMUSG00000020231	chr10	-	76279705	76279966
605	ENSMUSG00000000901	chr10	-	75923221	75924115
606	ENSMUSG00000006301	chr1	-	74291430	74291734
607	ENSMUSG00000006301	chr1	-	74291694	74292888
609	ENSMUSG00000010311	chr1	-	133897198	133898437
614	ENSMUSG00000039637	chr16	-	4634298	4634907
615	ENSMUSG00000039637	chr16	-	4634298	4634907
616	ENSMUSG00000039637	chr16	-	4634588	4634907
621	ENSMUSG00000025409	chr10	-	127287395	127287690
622	ENSMUSG00000052331	chr1	-	54657615	54659006
623	ENSMUSG00000041762	chr2	-	73350891	73351944
626	ENSMUSG00000040048	chr17	-	24722059	24722520
630	ENSMUSG00000007097	chr1	-	172278534	172278994
631	ENSMUSG00000036112	chr10	-	93879539	93880138
632	ENSMUSG00000036112	chr10	-	93879539	93880138
633	ENSMUSG00000036112	chr10	-	93879539	93880138
634	ENSMUSG00000036112	chr10	-	93879539	93880138
640	ENSMUSG00000034570	chr11	-	3501045	3501428
641	ENSMUSG00000021670	chr13	-	96664761	96665897
642	ENSMUSG00000027002	chr2	-	80553136	80553449
643	ENSMUSG00000034928	chr13	-	54683960	54684488
644	ENSMUSG00000034928	chr13	-	54683960	54684488
645	ENSMUSG00000034928	chr13	-	54683960	54684488
646	ENSMUSG00000026577	chr1	-	164307146	164307489
654	ENSMUSG00000027944	chr3	-	89997386	89998003
655	ENSMUSG00000027944	chr3	-	89997386	89998003
656	ENSMUSG00000027944	chr3	-	89997386	89998003
657	ENSMUSG00000027944	chr3	-	89997386	89998003
659	ENSMUSG00000003778	chr18	-	34608417	34609949
660	ENSMUSG00000005378	chr5	-	135056027	135056384
663	ENSMUSG00000036872	chr8	-	86534522	86534763
668	ENSMUSG00000006179	chr13	-	22002925	22003325
669	ENSMUSG00000002012	chrX	-	73657230	73657513
670	ENSMUSG00000020329	chr10	-	79736366	79736614
671	ENSMUSG00000020329	chr10	-	79737263	79737509
672	ENSMUSG00000020329	chr10	-	79737263	79737713
673	ENSMUSG00000020329	chr10	-	79737263	79737886
674	ENSMUSG00000020329	chr10	-	79738030	79738804
675	ENSMUSG00000026399	chr1	-	130448327	130449563
677	ENSMUSG00000028600	chr4	-	108022480	108023412
678	ENSMUSG00000028107	chr3	-	95748486	95750417
679	ENSMUSG00000028107	chr3	-	95748486	95750417
681	ENSMUSG00000001305	chr1	-	186737587	186739863
684	ENSMUSG00000026198	chr1	-	75174325	75174554
685	ENSMUSG00000026198	chr1	-	75174701	75175038
686	ENSMUSG00000026198	chr1	-	75177664	75178102
687	ENSMUSG00000062906	chr15	-	89124174	89124588
688	ENSMUSG00000062906	chr15	-	89124174	89124588
689	ENSMUSG00000062906	chr15	-	89126377	89126995
690	ENSMUSG00000062906	chr15	-	89127593	89128018
692	ENSMUSG00000022999	chr15	-	98908519	98908759
693	ENSMUSG00000022999	chr15	-	98908519	98908921
694	ENSMUSG00000026509	chr1	-	182489964	182491035
695	ENSMUSG00000026509	chr1	-	182490866	182492195
696	ENSMUSG00000024944	chr19	-	6135978	6137640
697	ENSMUSG00000029674	chr5	-	134661388	134661858
700	ENSMUSG00000031340	chrX	-	72264518	72264739
701	ENSMUSG00000042066	chr1	-	132358902	132361215
703	ENSMUSG00000020048	chr10	-	86691628	86692295
705	ENSMUSG00000021917	chr14	-	31000677	31000903
706	ENSMUSG00000021917	chr14	-	31000677	31000903
708	ENSMUSG00000033416	chr10	-	75509591	75510123
709	ENSMUSG00000033416	chr10	-	75509591	75510123
712	ENSMUSG00000002769	chr17	-	46726060	46726411
713	ENSMUSG00000022621	chr15	-	89583909	89584390
714	ENSMUSG00000022621	chr15	-	89583909	89584390
715	ENSMUSG00000028678	chr4	-	117177920	117178246
719	ENSMUSG00000062963	chr1	-	171289517	171289947
720	ENSMUSG00000062963	chr1	-	171289517	171289947
721	ENSMUSG00000062729	chr1	-	171277446	171277804
722	ENSMUSG00000062729	chr1	-	171278134	171279313
723	ENSMUSG00000062729	chr1	-	171279429	171280001
724	ENSMUSG00000062729	chr1	-	171279429	171280001
725	ENSMUSG00000062729	chr1	-	171279429	171280522
732	ENSMUSG00000031161	chrX	-	7938385	7939665
733	ENSMUSG00000031161	chrX	-	7939442	7939665
734	ENSMUSG00000025158	chr11	-	120782382	120783160
735	ENSMUSG00000026107	chr1	-	51469819	51471411
736	ENSMUSG00000026107	chr1	-	51477477	51478399
737	ENSMUSG00000026107	chr1	-	51477477	51478399
738	ENSMUSG00000026107	chr1	-	51477477	51478399
739	ENSMUSG00000026107	chr1	-	51477477	51478399
740	ENSMUSG00000049659	chr11	-	20696750	20698373
741	ENSMUSG00000029868	chr6	-	41625134	41625571
742	ENSMUSG00000029868	chr6	-	41626479	41627474
743	ENSMUSG00000023015	chr15	-	99634241	99637774
744	ENSMUSG00000047090	chr10	-	128801350	128802517
745	ENSMUSG00000047090	chr10	-	128801350	128802517
747	ENSMUSG00000018570	chr11	-	69898102	69898410
749	ENSMUSG00000005354	chr15	-	77915046	77915857
751	ENSMUSG00000029103	chr5	-	35097530	35098273
758	ENSMUSG00000041329	chr11	-	69601524	69602481
759	ENSMUSG00000041329	chr11	-	69602424	69602905
760	ENSMUSG00000018566	chr11	-	69944058	69944888
761	ENSMUSG00000018566	chr11	-	69945837	69946193
762	ENSMUSG00000001248	chr7	-	31134413	31135739
763	ENSMUSG00000001248	chr7	-	31134413	31135739
764	ENSMUSG00000001248	chr7	-	31134413	31135739
767	ENSMUSG00000056724	chr9	-	110628393	110628749
771	ENSMUSG00000035835	chr10	-	79866411	79866725
772	ENSMUSG00000035835	chr10	-	79866834	79867307
773	ENSMUSG00000035835	chr10	-	79866834	79867307
776	ENSMUSG00000039103	chr3	-	152236981	152238022
778	ENSMUSG00000053519	chr11	-	33643295	33645627
779	ENSMUSG00000053519	chr11	-	33644498	33645627
780	ENSMUSG00000030854	chr7	-	47082760	47083165
781	ENSMUSG00000030854	chr7	-	47090726	47091570
782	ENSMUSG00000004031	chr1	-	158266461	158268020
783	ENSMUSG00000053754	chr14	-	52201630	52202617
784	ENSMUSG00000053754	chr14	-	52204432	52205506
785	ENSMUSG00000039110	chr11	-	94512227	94512777
787	ENSMUSG00000023456	chr6	-	124812620	124812913
788	ENSMUSG00000014850	chr13	-	92342245	92345101
791	ENSMUSG00000075376	chr2	-	37389584	37389890
792	ENSMUSG00000030530	chr7	-	80397121	80397993
796	ENSMUSG00000042699	chr1	-	153464617	153465068
797	ENSMUSG00000022617	chr15	-	89428133	89428827
798	ENSMUSG00000022617	chr15	-	89428133	89428827
799	ENSMUSG00000022617	chr15	-	89428410	89428827
800	ENSMUSG00000022617	chr15	-	89428410	89428827
805	ENSMUSG00000020775	chr11	-	116134907	116135325
806	ENSMUSG00000034799	chr8	-	71662480	71662928
807	ENSMUSG00000034799	chr8	-	71662480	71662928
808	ENSMUSG00000034255	chr11	-	103338306	103338755
809	ENSMUSG00000034255	chr11	-	103338687	103339108
810	ENSMUSG00000001627	chr12	-	40217157	40217482
811	ENSMUSG00000093460	chr17	-	85614647	85615743
812	ENSMUSG00000093460	chr17	-	85614647	85615743
813	ENSMUSG00000093460	chr17	-	85615593	85617634
818	ENSMUSG00000038225	chr8	-	46592592	46593703
819	ENSMUSG00000024787	chr19	-	6123829	6124188
820	ENSMUSG00000018800	chr11	-	110326559	110327936
821	ENSMUSG00000033032	chr18	-	61743277	61743760
822	ENSMUSG00000079657	chr17	-	24530054	24530443
824	ENSMUSG00000044595	chr18	-	36765095	36766010
825	ENSMUSG00000017747	chr11	-	100768013	100768289
827	ENSMUSG00000020964	chr12	-	91813831	91814693
828	ENSMUSG00000018920	chr11	-	70458744	70459167
829	ENSMUSG00000033364	chr1	-	74468266	74470727
830	ENSMUSG00000024054	chr17	-	71358136	71358457
835	ENSMUSG00000039233	chr13	-	14005787	14006007
836	ENSMUSG00000005575	chr7	-	13037620	13038273
837	ENSMUSG00000003848	chr8	-	107416105	107417091
838	ENSMUSG00000020538	chr11	-	60203098	60203607
841	ENSMUSG00000025982	chr1	-	55014482	55016490
842	ENSMUSG00000024124	chr17	-	23973940	23974246
851	ENSMUSG00000020263	chr10	-	83610977	83611199
853	ENSMUSG00000005625	chr3	-	95032704	95033546
854	ENSMUSG00000005625	chr3	-	95033632	95034026
855	ENSMUSG00000005625	chr3	-	95033632	95034026
856	ENSMUSG00000009292	chr10	-	77913804	77914798
857	ENSMUSG00000035941	chr9	-	85715298	85717652
863	ENSMUSG00000037174	chr3	-	51264869	51266866
874	ENSMUSG00000036459	chr7	-	34118936	34119206
887	ENSMUSG00000046709	chr5	-	103210889	103211334
888	ENSMUSG00000040701	chr14	-	55101070	55101522
889	ENSMUSG00000040701	chr14	-	55103202	55103507
890	ENSMUSG00000040701	chr14	-	55104581	55104927
893	ENSMUSG00000019578	chr17	-	56069690	56070985
894	ENSMUSG00000040263	chr8	-	121796917	121798236
895	ENSMUSG00000031878	chr8	-	104527377	104530116
896	ENSMUSG00000020752	chr11	-	115893946	115894718
899	ENSMUSG00000020706	chr11	-	106250154	106250433
900	ENSMUSG00000033436	chrX	-	134807453	134807725
903	ENSMUSG00000029730	chr5	-	138169348	138169724
904	ENSMUSG00000030834	chr7	-	45998649	45999129
905	ENSMUSG00000028024	chr3	-	129280684	129280975
906	ENSMUSG00000021461	chr13	-	63330538	63331893
907	ENSMUSG00000026082	chr1	-	38074314	38075023
908	ENSMUSG00000008398	chr10	-	93264879	93265680
909	ENSMUSG00000075570	chr11	-	99335194	99336567
911	ENSMUSG00000025364	chr10	-	128560081	128560294
912	ENSMUSG00000034664	chr11	-	102457459	102457852
913	ENSMUSG00000034664	chr11	-	102464939	102465357
914	ENSMUSG00000058407	chr1	-	37987393	37990457
915	ENSMUSG00000058407	chr1	-	37993991	37995841
922	ENSMUSG00000002346	chr8	-	70184339	70186776
923	ENSMUSG00000002346	chr8	-	70188832	70189577
929	ENSMUSG00000016763	chr15	-	83608217	83608876
930	ENSMUSG00000016763	chr15	-	83608217	83608876
931	ENSMUSG00000028099	chr3	-	96723513	96724052
941	ENSMUSG00000028104	chr3	-	96579797	96580089
943	ENSMUSG00000029201	chr5	-	65420248	65422782
944	ENSMUSG00000021565	chr13	-	73689044	73689611
946	ENSMUSG00000006014	chr1	-	150454051	150456337
949	ENSMUSG00000030979	chr7	-	133690507	133691166
959	ENSMUSG00000072980	chr2	-	119617853	119618469
962	ENSMUSG00000038671	chr2	-	181361000	181361472
963	ENSMUSG00000038671	chr2	-	181364013	181364398
964	ENSMUSG00000038671	chr2	-	181364013	181364398
970	ENSMUSG00000022443	chr15	-	77791047	77791779
973	ENSMUSG00000026873	chr2	-	34911163	34911802
975	ENSMUSG00000015790	chr2	-	26915595	26916006
976	ENSMUSG00000015790	chr2	-	26915595	26916006
977	ENSMUSG00000015790	chr2	-	26915595	26916006
978	ENSMUSG00000015790	chr2	-	26915595	26916006
979	ENSMUSG00000097348	chr10	-	92081745	92082975
984	ENSMUSG00000016559	chr11	-	116023624	116024019
990	ENSMUSG00000066456	chr9	-	83109947	83111106
991	ENSMUSG00000066456	chr9	-	83109947	83111106
997	ENSMUSG00000024446	chr17	-	36257441	36257706
998	ENSMUSG00000022537	chr16	-	30540738	30543488
1000	ENSMUSG00000026277	chr1	-	93626050	93627133
1002	ENSMUSG00000031736	chr8	-	92326037	92326462
1003	ENSMUSG00000031736	chr8	-	92346349	92346870
1008	ENSMUSG00000021234	chr12	-	84355923	84357850
1009	ENSMUSG00000027889	chr3	-	108075248	108075704
1010	ENSMUSG00000027889	chr3	-	108079184	108079773
1011	ENSMUSG00000027889	chr3	-	108080266	108080774
1012	ENSMUSG00000029060	chr4	-	155655521	155656305
1013	ENSMUSG00000029060	chr4	-	155656912	155657314
1014	ENSMUSG00000029060	chr4	-	155658893	155659265
1017	ENSMUSG00000025578	chr11	-	119039931	119040159
1019	ENSMUSG00000026116	chr1	-	36807883	36808985
1020	ENSMUSG00000026116	chr1	-	36815454	36815996
1021	ENSMUSG00000052921	chr11	-	68946983	68947396
1025	ENSMUSG00000019822	chr10	-	41488733	41489351
1029	ENSMUSG00000013997	chr1	-	171344063	171344539
1033	ENSMUSG00000003099	chr7	-	17008613	17009058
1041	ENSMUSG00000058818	chr7	-	3716033	3717426
1042	ENSMUSG00000058818	chr7	-	3716593	3717426
1050	ENSMUSG00000033295	chr4	-	118211000	118211485
1051	ENSMUSG00000032228	chr9	-	71868071	71870147
1052	ENSMUSG00000028744	chr4	-	139298529	139300411
1054	ENSMUSG00000026034	chr1	-	58417012	58417383
1055	ENSMUSG00000026034	chr1	-	58419666	58421308
1056	ENSMUSG00000020116	chr11	-	17209076	17209394
1057	ENSMUSG00000055762	chr15	-	75896242	75896740
1064	ENSMUSG00000040543	chr11	-	72074418	72075035
1066	ENSMUSG00000028464	chr4	-	43518401	43519078
1068	ENSMUSG00000010086	chr11	-	61450827	61451034
1070	ENSMUSG00000026211	chr1	-	75502912	75503618
1077	ENSMUSG00000073758	chr4	-	126152023	126152258
1078	ENSMUSG00000073758	chr4	-	126161967	126162266
1079	ENSMUSG00000030689	chr7	-	126857225	126857787
1080	ENSMUSG00000030689	chr7	-	126857225	126857787
1083	ENSMUSG00000041945	chr1	-	40784376	40786210
1085	ENSMUSG00000019338	chr3	-	95006831	95008213
1086	ENSMUSG00000019338	chr3	-	95008379	95008917
1087	ENSMUSG00000019338	chr3	-	95008584	95009238
1088	ENSMUSG00000019338	chr3	-	95009342	95010222
1089	ENSMUSG00000020832	chr11	-	78074279	78074627
1091	ENSMUSG00000003271	chr7	-	45742053	45742483
1093	ENSMUSG00000033055	chr15	-	79054495	79055416
1094	ENSMUSG00000033124	chr1	-	75180864	75182737
1095	ENSMUSG00000026200	chr1	-	75208686	75209222
1100	ENSMUSG00000037376	chr2	-	132808203	132809016
1101	ENSMUSG00000026409	chr1	-	130697016	130698085
1102	ENSMUSG00000026409	chr1	-	130697696	130698743
1105	ENSMUSG00000031232	chrX	-	105968083	105971479
1106	ENSMUSG00000020692	chr11	-	82902994	82904136
1107	ENSMUSG00000020692	chr11	-	82902994	82904136
1108	ENSMUSG00000049755	chr11	-	58319323	58319954
1115	ENSMUSG00000070034	chr1	-	85579056	85579745
1116	ENSMUSG00000070034	chr1	-	85584902	85586295
1117	ENSMUSG00000028670	chr4	-	135969427	135969674
1121	ENSMUSG00000041375	chr7	-	16276726	16278538
1122	ENSMUSG00000028656	chr4	-	122862622	122863085
1125	ENSMUSG00000022995	chr1	-	181919324	181919629
1126	ENSMUSG00000021639	chr13	-	100486070	100486524
1136	ENSMUSG00000067071	chr1	-	91411482	91412802
1137	ENSMUSG00000067071	chr1	-	91412720	91412979
1138	ENSMUSG00000057897	chr11	-	5969671	5971826
1139	ENSMUSG00000057897	chr11	-	5972631	5972888
1141	ENSMUSG00000008855	chr11	-	102195748	102196117
1142	ENSMUSG00000008855	chr11	-	102195748	102196117
1143	ENSMUSG00000008855	chr11	-	102195748	102196322
1144	ENSMUSG00000008855	chr11	-	102196538	102197436
1156	ENSMUSG00000026193	chr1	-	71597280	71597747
1157	ENSMUSG00000026193	chr1	-	71597280	71598463
1158	ENSMUSG00000026193	chr1	-	71597280	71598463
1159	ENSMUSG00000026193	chr1	-	71597280	71598463
1162	ENSMUSG00000062006	chr3	-	130729050	130729302
1163	ENSMUSG00000044551	chr14	-	70156160	70156518
1165	ENSMUSG00000027778	chr3	-	68990741	68994582
1170	ENSMUSG00000061232	chr17	-	33996826	33997157
1171	ENSMUSG00000022469	chr15	-	97748582	97749546
1172	ENSMUSG00000020362	chr11	-	49685086	49685352
1173	ENSMUSG00000020362	chr11	-	49685086	49685352
1174	ENSMUSG00000056536	chr1	-	105646628	105648239
1175	ENSMUSG00000006299	chr1	-	74281328	74281642
1176	ENSMUSG00000028849	chr4	-	126233892	126234236
1177	ENSMUSG00000028849	chr4	-	126236895	126237278
1178	ENSMUSG00000018199	chr1	-	143760352	143761386
1179	ENSMUSG00000020719	chr11	-	106782468	106784018
1186	ENSMUSG00000073434	chr17	-	25849562	25849970
1187	ENSMUSG00000073434	chr17	-	25850417	25850938
1188	ENSMUSG00000073434	chr17	-	25854529	25855234
1189	ENSMUSG00000073434	chr17	-	25860371	25860817
1190	ENSMUSG00000073434	chr17	-	25860371	25860817
1191	ENSMUSG00000026705	chr1	-	161098262	161099285
1192	ENSMUSG00000040289	chr3	-	8665944	8666355
1193	ENSMUSG00000056162	chr18	-	84636046	84637964
1194	ENSMUSG00000021546	chr13	-	58393691	58393868
1195	ENSMUSG00000021546	chr13	-	58393852	58394159
1196	ENSMUSG00000010803	chr11	-	42182165	42182930
1197	ENSMUSG00000030590	chr7	-	29153321	29154535
1201	ENSMUSG00000019850	chr10	-	19003575	19005331
1202	ENSMUSG00000019850	chr10	-	19005550	19007033
1205	ENSMUSG00000023944	chr17	-	45568857	45569387
1206	ENSMUSG00000023944	chr17	-	45571412	45571619
1207	ENSMUSG00000023944	chr17	-	45571412	45571911
1211	ENSMUSG00000025137	chr11	-	120612000	120612601
1213	ENSMUSG00000044252	chr18	-	12755327	12756307
1215	ENSMUSG00000022948	chr16	-	93585178	93586317
1216	ENSMUSG00000052926	chr8	-	84957666	84958089
1217	ENSMUSG00000052926	chr8	-	84957666	84958089
1218	ENSMUSG00000052926	chr8	-	84965130	84965443
1219	ENSMUSG00000052926	chr8	-	84965859	84966287
1220	ENSMUSG00000006522	chr14	-	30917661	30918443
1222	ENSMUSG00000061111	chr11	-	120544680	120544928
1223	ENSMUSG00000025077	chr19	-	56540181	56541623
1225	ENSMUSG00000026878	chr2	-	35180204	35183831
1229	ENSMUSG00000033880	chr11	-	118398120	118398571
1231	ENSMUSG00000024118	chr17	-	24219730	24220310
1232	ENSMUSG00000024118	chr17	-	24220251	24220615
1233	ENSMUSG00000024118	chr17	-	24220251	24220615
1238	ENSMUSG00000027423	chr2	-	144254725	144254942
1239	ENSMUSG00000027423	chr2	-	144257099	144257993
1240	ENSMUSG00000003153	chr6	-	122737057	122739993
1245	ENSMUSG00000027981	chr3	-	113605066	113608411
1247	ENSMUSG00000009555	chr2	-	32709466	32709944
1252	ENSMUSG00000017386	chr11	-	78161286	78161622
1256	ENSMUSG00000079550	chr1	-	59144653	59146413
1264	ENSMUSG00000051579	chrX	-	136171419	136171705
1265	ENSMUSG00000030872	chr7	-	121986721	121989801
1272	ENSMUSG00000018565	chr11	-	69979829	69980059
1273	ENSMUSG00000079197	chr14	-	55587653	55588094
1274	ENSMUSG00000079197	chr14	-	55589480	55589705
1276	ENSMUSG00000062202	chr17	-	30215523	30220570
1277	ENSMUSG00000038679	chr15	-	50830828	50831958
1278	ENSMUSG00000038679	chr15	-	50846013	50846942
1280	ENSMUSG00000028073	chr3	-	87752471	87752836
1281	ENSMUSG00000028073	chr3	-	87756848	87757264
1283	ENSMUSG00000020806	chr11	-	116605242	116606232
1285	ENSMUSG00000018907	chr11	-	70320729	70321139
1287	ENSMUSG00000020413	chr11	-	8993136	8996932
1289	ENSMUSG00000014606	chr11	-	70645169	70645440
1290	ENSMUSG00000031537	chr8	-	22665488	22665911
1291	ENSMUSG00000031537	chr8	-	22668944	22671745
1292	ENSMUSG00000028521	chr4	-	103213870	103214092
1293	ENSMUSG00000032892	chr11	-	68972483	68973028
1294	ENSMUSG00000059796	chr11	-	69667694	69668111
1295	ENSMUSG00000059796	chr11	-	69668195	69668548
1296	ENSMUSG00000059796	chr11	-	69668195	69668753
1297	ENSMUSG00000059796	chr11	-	69669077	69670747
1299	ENSMUSG00000025733	chr17	-	25839984	25840335
1300	ENSMUSG00000025733	chr17	-	25839984	25840335
1301	ENSMUSG00000025733	chr17	-	25839984	25840568
1302	ENSMUSG00000025733	chr17	-	25841558	25841855
1303	ENSMUSG00000025733	chr17	-	25841756	25842091
1304	ENSMUSG00000025733	chr17	-	25842179	25842418
1305	ENSMUSG00000025733	chr17	-	25844088	25844313
1307	ENSMUSG00000025375	chr11	-	120007312	120009475
1311	ENSMUSG00000037336	chr12	-	4865136	4866529
1312	ENSMUSG00000037336	chr12	-	4869534	4870623
1313	ENSMUSG00000037336	chr12	-	4869534	4870623
1316	ENSMUSG00000040667	chr11	-	70943878	70944238
1318	ENSMUSG00000018442	chr11	-	71013442	71015800
1319	ENSMUSG00000026709	chr1	-	161044958	161045476
1322	ENSMUSG00000074874	chr13	-	60895350	60896143
1323	ENSMUSG00000026791	chr2	-	32974837	32976280
1324	ENSMUSG00000026791	chr2	-	32981360	32981883
1332	ENSMUSG00000062753	chr17	-	27564148	27564410
1333	ENSMUSG00000030357	chr6	-	128433525	128433793
1336	ENSMUSG00000027404	chr2	-	130172602	130173174
1338	ENSMUSG00000043716	chr1	-	16102691	16103334
1339	ENSMUSG00000043716	chr1	-	16103167	16103684
1340	ENSMUSG00000037907	chr11	-	77470484	77472378
1341	ENSMUSG00000037907	chr11	-	77472448	77472877
1342	ENSMUSG00000037907	chr11	-	77473010	77473411
1343	ENSMUSG00000037907	chr11	-	77473010	77473411
1349	ENSMUSG00000017405	chr11	-	78170612	78171298
1350	ENSMUSG00000017405	chr11	-	78170872	78171298
1351	ENSMUSG00000017405	chr11	-	78170872	78172683
1352	ENSMUSG00000058546	chr11	-	78180934	78181223
1356	ENSMUSG00000024725	chr19	-	18584641	18586625
1358	ENSMUSG00000026721	chr1	-	160740751	160740931
1359	ENSMUSG00000054517	chr11	-	116127437	116127931
1362	ENSMUSG00000038930	chr7	-	80318858	80319341
1363	ENSMUSG00000038930	chr7	-	80320091	80321181
1364	ENSMUSG00000038930	chr7	-	80320091	80321181
1365	ENSMUSG00000038930	chr7	-	80320301	80321181
1367	ENSMUSG00000020516	chr11	-	86511588	86511887
1373	ENSMUSG00000004267	chr6	-	124762652	124763206
1385	ENSMUSG00000054079	chr11	-	93869805	93870580
1386	ENSMUSG00000047798	chr11	-	115124247	115126452
1387	ENSMUSG00000002413	chr6	-	39677377	39677641
1388	ENSMUSG00000031827	chr8	-	119809224	119810355
1389	ENSMUSG00000041361	chr9	-	71552238	71555737
1392	ENSMUSG00000014418	chr7	-	46774813	46775951
1393	ENSMUSG00000022843	chr16	-	20710271	20710639
1394	ENSMUSG00000022843	chr16	-	20712879	20713459
1396	ENSMUSG00000018659	chr11	-	96940015	96940955
1397	ENSMUSG00000036606	chr15	-	89155548	89156385
1404	ENSMUSG00000050855	chr7	-	29846468	29846960
1405	ENSMUSG00000020282	chr11	-	32210397	32210758
1406	ENSMUSG00000020282	chr11	-	32210397	32210758
1407	ENSMUSG00000020282	chr11	-	32212622	32212942
1415	ENSMUSG00000035629	chr16	-	32842997	32843531
1417	ENSMUSG00000074796	chr2	-	130687158	130687484
1423	ENSMUSG00000035086	chr11	-	101289782	101290499
1424	ENSMUSG00000035086	chr11	-	101294000	101295164
1425	ENSMUSG00000035086	chr11	-	101294000	101295164
1426	ENSMUSG00000035086	chr11	-	101294000	101295164
1427	ENSMUSG00000035086	chr11	-	101294000	101295164
1428	ENSMUSG00000035086	chr11	-	101294000	101295164
1429	ENSMUSG00000035086	chr11	-	101294000	101295164
1430	ENSMUSG00000035086	chr11	-	101295533	101296316
1431	ENSMUSG00000035086	chr11	-	101295533	101296316
1434	ENSMUSG00000052373	chr11	-	102023701	102025154
1437	ENSMUSG00000018677	chr11	-	102403632	102403872
1438	ENSMUSG00000030051	chr6	-	87628428	87630175
1439	ENSMUSG00000046415	chr18	-	67323795	67324719
1446	ENSMUSG00000026080	chr1	-	38863866	38868086
1447	ENSMUSG00000047446	chr12	-	40006699	40009820
1448	ENSMUSG00000038524	chr18	-	37963127	37963421
1449	ENSMUSG00000078619	chr11	-	106264939	106265344
1450	ENSMUSG00000078619	chr11	-	106266890	106267180
1452	ENSMUSG00000018433	chr11	-	107180041	107181101
1455	ENSMUSG00000063108	chr9	-	20444258	20444985
1456	ENSMUSG00000000202	chr11	-	114791216	114794126
1462	ENSMUSG00000057948	chr11	-	116069880	116070111
1473	ENSMUSG00000039450	chr11	-	120726087	120726311
1475	ENSMUSG00000025155	chr11	-	120793027	120793946
1476	ENSMUSG00000021557	chr13	-	59473687	59474712
1481	ENSMUSG00000030695	chr7	-	126797336	126797776
1482	ENSMUSG00000019214	chr17	-	25722843	25723313
1486	ENSMUSG00000021773	chr14	-	21847872	21848120
1487	ENSMUSG00000037318	chr1	-	193194519	193194849
1488	ENSMUSG00000037318	chr1	-	193194824	193195136
1489	ENSMUSG00000037318	chr1	-	193194824	193195422
1490	ENSMUSG00000037318	chr1	-	193194824	193195422
1495	ENSMUSG00000003863	chr7	-	45340574	45340986
1496	ENSMUSG00000093674	chr10	-	128548657	128548971
1500	ENSMUSG00000047534	chr12	-	65152687	65153893
1501	ENSMUSG00000027752	chr3	-	54731074	54732745
1502	ENSMUSG00000027752	chr3	-	54734102	54734332
1503	ENSMUSG00000052752	chr17	-	24509955	24510572
1504	ENSMUSG00000034761	chr12	-	69807197	69809282
1505	ENSMUSG00000006763	chr7	-	46699635	46701961
1510	ENSMUSG00000026047	chr1	-	44112644	44113175
1511	ENSMUSG00000029650	chr5	-	147894480	147894815
1513	ENSMUSG00000085385	chr2	-	158357197	158360599
1514	ENSMUSG00000085385	chr2	-	158359181	158360599
1515	ENSMUSG00000085385	chr2	-	158359181	158360599
1516	ENSMUSG00000085385	chr2	-	158359181	158360599
1517	ENSMUSG00000085385	chr2	-	158359181	158360599
1522	ENSMUSG00000074129	chr7	-	45126477	45126794
1523	ENSMUSG00000074129	chr7	-	45126990	45127274
1524	ENSMUSG00000038990	chr2	-	180261076	180263155
1526	ENSMUSG00000053291	chr7	-	27175778	27176238
1527	ENSMUSG00000034187	chr11	-	103913315	103913908
1534	ENSMUSG00000025153	chr11	-	120808074	120808600
1535	ENSMUSG00000004110	chr1	-	154486497	154488133
1536	ENSMUSG00000056962	chr11	-	116839837	116840545
1537	ENSMUSG00000056962	chr11	-	116839837	116840545
1538	ENSMUSG00000056962	chr11	-	116839837	116840545
1539	ENSMUSG00000056962	chr11	-	116839837	116840545
1543	ENSMUSG00000052749	chr7	-	104362706	104363797
1544	ENSMUSG00000031388	chrX	-	73919501	73919869
1545	ENSMUSG00000031388	chrX	-	73919501	73919869
1546	ENSMUSG00000036966	chr15	-	102130277	102130790
1547	ENSMUSG00000022552	chr15	-	76347258	76347594
1548	ENSMUSG00000022552	chr15	-	76347258	76347817
1549	ENSMUSG00000022552	chr15	-	76348085	76348435
1550	ENSMUSG00000022552	chr15	-	76348085	76348435
1551	ENSMUSG00000028845	chr4	-	126324229	126324719
1552	ENSMUSG00000024914	chr19	-	5423330	5423653
1553	ENSMUSG00000024914	chr19	-	5424181	5424433
1554	ENSMUSG00000033918	chr16	-	20285764	20287069
1559	ENSMUSG00000037032	chr7	-	105565532	105565951
1560	ENSMUSG00000037032	chr7	-	105567253	105567484
1564	ENSMUSG00000034675	chr13	-	55476145	55476773
1569	ENSMUSG00000036046	chr15	-	84950611	84953321
1570	ENSMUSG00000025138	chr11	-	120618371	120620269
1571	ENSMUSG00000025138	chr11	-	120620423	120620883
1572	ENSMUSG00000025138	chr11	-	120620423	120621055
1573	ENSMUSG00000045838	chr2	-	118760320	118760681
1574	ENSMUSG00000001034	chr11	-	61489848	61490504
1575	ENSMUSG00000001034	chr11	-	61492903	61494266
1576	ENSMUSG00000001034	chr11	-	61492903	61494266
1577	ENSMUSG00000001034	chr11	-	61492903	61494266
1578	ENSMUSG00000001034	chr11	-	61492903	61494266
1579	ENSMUSG00000001034	chr11	-	61492903	61494266
1580	ENSMUSG00000001034	chr11	-	61492903	61494266
1581	ENSMUSG00000001034	chr11	-	61492903	61494266
1582	ENSMUSG00000086370	chrX	-	103569567	103572561
1587	ENSMUSG00000009246	chr7	-	143078291	143079233
1591	ENSMUSG00000040687	chr2	-	91157984	91158488
1592	ENSMUSG00000040687	chr2	-	91157984	91158488
1593	ENSMUSG00000040687	chr2	-	91157984	91158488
1594	ENSMUSG00000040687	chr2	-	91157984	91158488
1597	ENSMUSG00000040479	chr2	-	91933742	91934089
1598	ENSMUSG00000097195	chr9	-	88521917	88522381
1599	ENSMUSG00000040434	chr2	-	92365626	92366068
1602	ENSMUSG00000023942	chr17	-	45589413	45589820
1604	ENSMUSG00000032913	chr3	-	104465486	104467363
1606	ENSMUSG00000027185	chr2	-	103725663	103726239
1607	ENSMUSG00000027185	chr2	-	103734374	103734990
1608	ENSMUSG00000027185	chr2	-	103734374	103734990
1609	ENSMUSG00000032271	chr9	-	48591876	48592362
1610	ENSMUSG00000033434	chr5	-	110104267	110104658
1611	ENSMUSG00000053024	chr1	-	132528611	132529085
1614	ENSMUSG00000021852	chr14	-	49318707	49319005
1615	ENSMUSG00000027676	chr3	-	33830024	33830760
1617	ENSMUSG00000027297	chr2	-	119752065	119752598
1618	ENSMUSG00000027297	chr2	-	119753113	119753491
1621	ENSMUSG00000050211	chr2	-	120186346	120187238
1624	ENSMUSG00000027284	chr2	-	120726176	120726795
1625	ENSMUSG00000027284	chr2	-	120729688	120730099
1629	ENSMUSG00000027360	chr2	-	126604240	126606482
1631	ENSMUSG00000027371	chr2	-	127438112	127438569
1635	ENSMUSG00000027406	chr2	-	130283937	130284248
1636	ENSMUSG00000037773	chr2	-	130422224	130422704
1638	ENSMUSG00000027993	chr3	-	84190512	84192261
1641	ENSMUSG00000027356	chr2	-	132924956	132925794
1643	ENSMUSG00000029576	chr5	-	142485412	142485991
1644	ENSMUSG00000027276	chr2	-	137084574	137085155
1649	ENSMUSG00000034248	chr14	-	69247580	69249622
1650	ENSMUSG00000034248	chr14	-	69247580	69249622
1651	ENSMUSG00000026672	chr2	-	5020641	5021481
1652	ENSMUSG00000027438	chr2	-	148707158	148709433
1655	ENSMUSG00000027457	chr2	-	151632147	151632567
1659	ENSMUSG00000056941	chr2	-	153618833	153621819
1662	ENSMUSG00000027610	chr2	-	155566802	155567887
1663	ENSMUSG00000027610	chr2	-	155566802	155567887
1664	ENSMUSG00000027610	chr2	-	155578288	155578787
1665	ENSMUSG00000027613	chr2	-	155826124	155826436
1666	ENSMUSG00000005882	chr2	-	155910356	155911836
1667	ENSMUSG00000005882	chr2	-	155910356	155911836
1668	ENSMUSG00000005882	chr2	-	155910356	155911836
1674	ENSMUSG00000027639	chr2	-	157099400	157101443
1677	ENSMUSG00000029298	chr5	-	105082703	105083853
1692	ENSMUSG00000039536	chr2	-	166950780	166951100
1693	ENSMUSG00000039536	chr2	-	166951270	166952472
1698	ENSMUSG00000024830	chr19	-	4158609	4158919
1699	ENSMUSG00000024830	chr19	-	4158609	4158919
1702	ENSMUSG00000027514	chr2	-	173210535	173212266
1703	ENSMUSG00000039059	chr2	-	180100499	180101416
1711	ENSMUSG00000016346	chr2	-	181075578	181081775
1712	ENSMUSG00000016346	chr2	-	181108443	181109117
1713	ENSMUSG00000016346	chr2	-	181108443	181109785
1714	ENSMUSG00000016346	chr2	-	181108443	181112125
1715	ENSMUSG00000016346	chr2	-	181113062	181114729
1720	ENSMUSG00000000823	chr2	-	181589372	181590181
1733	ENSMUSG00000061410	chr8	-	121609079	121609315
1734	ENSMUSG00000041268	chr9	-	54367553	54369262
1735	ENSMUSG00000027365	chr2	-	126799168	126799363
1736	ENSMUSG00000037652	chr3	-	30936284	30937156
1739	ENSMUSG00000027674	chr3	-	32955761	32956816
1740	ENSMUSG00000027674	chr3	-	33081975	33083060
1741	ENSMUSG00000027674	chr3	-	33081975	33083060
1754	ENSMUSG00000042790	chr9	-	45866565	45867632
1757	ENSMUSG00000035245	chr6	-	97147876	97148258
1758	ENSMUSG00000026925	chr2	-	26399232	26399574
1760	ENSMUSG00000015083	chr2	-	25498655	25499115
1763	ENSMUSG00000020863	chr11	-	94291138	94293278
1773	ENSMUSG00000034684	chr9	-	107684221	107684591
1774	ENSMUSG00000059772	chr7	-	126691738	126692055
1775	ENSMUSG00000059772	chr7	-	126691927	126692659
1777	ENSMUSG00000025747	chr5	-	30069833	30071707
1778	ENSMUSG00000028089	chr3	-	97587110	97588313
1780	ENSMUSG00000040907	chr7	-	24978166	24979005
1784	ENSMUSG00000023084	chr3	-	87740974	87741529
1785	ENSMUSG00000004896	chr3	-	87924343	87925431
1786	ENSMUSG00000004896	chr3	-	87926730	87927117
1787	ENSMUSG00000004896	chr3	-	87927562	87928048
1788	ENSMUSG00000004896	chr3	-	87927562	87928048
1789	ENSMUSG00000004894	chr3	-	88023764	88024471
1790	ENSMUSG00000004894	chr3	-	88023764	88024471
1791	ENSMUSG00000096935	chr3	-	88171555	88172258
1793	ENSMUSG00000060036	chr15	-	80079689	80080552
1794	ENSMUSG00000060036	chr15	-	80080895	80081783
1795	ENSMUSG00000060036	chr15	-	80080895	80081783
1797	ENSMUSG00000028064	chr3	-	88451344	88451786
1798	ENSMUSG00000028064	chr3	-	88451344	88451786
1799	ENSMUSG00000028064	chr3	-	88451344	88451786
1800	ENSMUSG00000014778	chr8	-	105331641	105332192
1805	ENSMUSG00000068922	chr3	-	88910625	88911014
1808	ENSMUSG00000028051	chr3	-	89152630	89153060
1809	ENSMUSG00000027953	chr3	-	89269826	89270139
1810	ENSMUSG00000028041	chr3	-	89343387	89343977
1811	ENSMUSG00000028041	chr3	-	89347151	89347485
1813	ENSMUSG00000060671	chr3	-	89946427	89946789
1814	ENSMUSG00000060671	chr3	-	89947803	89948235
1817	ENSMUSG00000027932	chr3	-	90386747	90387449
1818	ENSMUSG00000027933	chr3	-	90392527	90392891
1820	ENSMUSG00000001017	chr3	-	90506107	90507626
1821	ENSMUSG00000001017	chr3	-	90506107	90507626
1822	ENSMUSG00000024792	chr19	-	6082180	6082471
1824	ENSMUSG00000089989	chr7	-	45132227	45134026
1825	ENSMUSG00000089989	chr7	-	45132227	45134026
1828	ENSMUSG00000028809	chr4	-	135344498	135346857
1830	ENSMUSG00000068876	chr3	-	94777993	94778270
1831	ENSMUSG00000068876	chr3	-	94777993	94778270
1833	ENSMUSG00000092607	chr3	-	95133199	95133628
1834	ENSMUSG00000015697	chr3	-	95337148	95339032
1842	ENSMUSG00000029433	chr5	-	123517736	123518065
1847	ENSMUSG00000029510	chr5	-	138275928	138276338
1848	ENSMUSG00000029510	chr5	-	138275928	138277487
1849	ENSMUSG00000029510	chr5	-	138276583	138277487
1850	ENSMUSG00000062127	chr3	-	105007947	105011423
1853	ENSMUSG00000029545	chr5	-	115111856	115112391
1854	ENSMUSG00000086968	chr3	-	107894050	107894992
1855	ENSMUSG00000086968	chr3	-	107894050	107894992
1856	ENSMUSG00000040562	chr3	-	107985617	107986109
1857	ENSMUSG00000048997	chr3	-	108206225	108207109
1858	ENSMUSG00000030780	chr7	-	128274632	128276143
1859	ENSMUSG00000030780	chr7	-	128274632	128276143
1860	ENSMUSG00000030780	chr7	-	128276085	128276412
1861	ENSMUSG00000030780	chr7	-	128276227	128276565
1863	ENSMUSG00000044667	chr3	-	117326684	117328386
1866	ENSMUSG00000037339	chr5	-	33600355	33608227
1867	ENSMUSG00000021485	chr13	-	55328369	55329374
1869	ENSMUSG00000029032	chr4	-	154286918	154288013
1875	ENSMUSG00000031594	chr8	-	41209696	41210506
1880	ENSMUSG00000038975	chr3	-	153910260	153910888
1881	ENSMUSG00000038975	chr3	-	153910260	153910888
1882	ENSMUSG00000062908	chr3	-	153938896	153939167
1887	ENSMUSG00000028245	chr4	-	6417164	6417877
1888	ENSMUSG00000028245	chr4	-	6418471	6421136
1889	ENSMUSG00000028245	chr4	-	6420049	6421136
1891	ENSMUSG00000037364	chr5	-	137296466	137296968
1897	ENSMUSG00000032565	chr9	-	105129672	105131780
1898	ENSMUSG00000004667	chr10	-	80036526	80036973
1899	ENSMUSG00000004667	chr10	-	80036763	80036973
1900	ENSMUSG00000040359	chr4	-	25269027	25270618
1901	ENSMUSG00000033579	chr8	-	111347930	111348183
1903	ENSMUSG00000040044	chr4	-	34597307	34598756
1909	ENSMUSG00000026942	chr2	-	25528231	25530448
1910	ENSMUSG00000041674	chr11	-	112691291	112691714
1912	ENSMUSG00000041842	chr3	-	84474139	84474777
1917	ENSMUSG00000073888	chr4	-	41772894	41773524
1918	ENSMUSG00000028453	chr4	-	43003226	43003932
1919	ENSMUSG00000028453	chr4	-	43003226	43003932
1920	ENSMUSG00000028453	chr4	-	43006983	43007403
1921	ENSMUSG00000028455	chr4	-	43028937	43029358
1924	ENSMUSG00000051517	chr4	-	43497086	43497710
1925	ENSMUSG00000051517	chr4	-	43498895	43499337
1926	ENSMUSG00000028467	chr4	-	43566927	43567916
1927	ENSMUSG00000028467	chr4	-	43569180	43569955
1928	ENSMUSG00000028467	chr4	-	43569180	43569955
1929	ENSMUSG00000028467	chr4	-	43569488	43569955
1930	ENSMUSG00000028467	chr4	-	43570036	43570448
1937	ENSMUSG00000042524	chr15	-	79727862	79728581
1938	ENSMUSG00000004317	chrX	-	7161597	7163516
1943	ENSMUSG00000073433	chr17	-	26199751	26200370
1945	ENSMUSG00000027193	chr2	-	94426932	94427577
1947	ENSMUSG00000074643	chr2	-	156073798	156074309
1948	ENSMUSG00000074643	chr2	-	156073798	156074309
1949	ENSMUSG00000074643	chr2	-	156078146	156078421
1950	ENSMUSG00000074643	chr2	-	156078751	156078974
1955	ENSMUSG00000028393	chr4	-	62510867	62511612
1958	ENSMUSG00000037742	chr9	-	78478957	78479534
1959	ENSMUSG00000037742	chr9	-	78479277	78479774
1960	ENSMUSG00000030094	chr6	-	91496087	91498190
1961	ENSMUSG00000039137	chr4	-	63429085	63429417
1966	ENSMUSG00000041482	chr18	-	63021143	63022545
1967	ENSMUSG00000028399	chr4	-	76085460	76086599
1968	ENSMUSG00000022508	chr16	-	23968306	23971599
1969	ENSMUSG00000023191	chr6	-	124845201	124845658
1970	ENSMUSG00000023191	chr6	-	124850917	124851131
1971	ENSMUSG00000023191	chr6	-	124850917	124851131
1972	ENSMUSG00000028402	chr4	-	81283332	81284699
1973	ENSMUSG00000013593	chr1	-	171237944	171238372
1974	ENSMUSG00000020883	chr11	-	98095132	98097059
1975	ENSMUSG00000091625	chr6	-	56703005	56703409
1976	ENSMUSG00000091625	chr6	-	56703005	56703409
1979	ENSMUSG00000040356	chr17	-	34845003	34845314
1980	ENSMUSG00000040356	chr17	-	34845648	34845912
1981	ENSMUSG00000040356	chr17	-	34846026	34846667
1982	ENSMUSG00000040356	chr17	-	34846026	34846667
1983	ENSMUSG00000040356	chr17	-	34846866	34847324
1984	ENSMUSG00000047502	chr4	-	106702482	106703191
1985	ENSMUSG00000026860	chr2	-	30345698	30346453
1989	ENSMUSG00000063800	chr4	-	108568357	108570266
1991	ENSMUSG00000041263	chr3	-	89089176	89089561
1992	ENSMUSG00000041263	chr3	-	89089668	89089975
1996	ENSMUSG00000033191	chr4	-	118478861	118479903
1997	ENSMUSG00000034171	chr4	-	115999498	116000088
1998	ENSMUSG00000034171	chr4	-	116000048	116000827
1999	ENSMUSG00000034171	chr4	-	116001103	116003102
2000	ENSMUSG00000034171	chr4	-	116004713	116005206
2002	ENSMUSG00000028693	chr4	-	116604162	116604814
2005	ENSMUSG00000028684	chr4	-	116991231	116991493
2006	ENSMUSG00000028684	chr4	-	116992563	116993023
2008	ENSMUSG00000028680	chr4	-	117129959	117130405
2009	ENSMUSG00000047675	chr4	-	117155007	117155677
2010	ENSMUSG00000001082	chr5	-	34634590	34634962
2011	ENSMUSG00000001082	chr5	-	34634590	34634962
2014	ENSMUSG00000009640	chr4	-	117675731	117676517
2015	ENSMUSG00000009640	chr4	-	117675949	117676517
2017	ENSMUSG00000028644	chr4	-	119182842	119183338
2018	ENSMUSG00000028644	chr4	-	119182842	119183338
2019	ENSMUSG00000028952	chr4	-	152021288	152021628
2020	ENSMUSG00000028952	chr4	-	152025777	152027059
2021	ENSMUSG00000028633	chr4	-	120542530	120542765
2026	ENSMUSG00000028907	chr4	-	124679701	124682323
2027	ENSMUSG00000028907	chr4	-	124682412	124683348
2028	ENSMUSG00000001524	chr17	-	35670656	35670962
2029	ENSMUSG00000040928	chr4	-	129180188	129181840
2030	ENSMUSG00000040928	chr4	-	129181741	129182532
2031	ENSMUSG00000040928	chr4	-	129181966	129182532
2032	ENSMUSG00000040928	chr4	-	129181966	129182532
2035	ENSMUSG00000053841	chr4	-	129631279	129631710
2036	ENSMUSG00000085517	chr4	-	130027966	130028346
2037	ENSMUSG00000085517	chr4	-	130027966	130028346
2041	ENSMUSG00000028909	chr4	-	131799517	131799791
2043	ENSMUSG00000067212	chr17	-	36030821	36031913
2045	ENSMUSG00000003038	chr4	-	133966428	133966795
2046	ENSMUSG00000003038	chr4	-	133966428	133966795
2050	ENSMUSG00000046671	chr4	-	134530274	134530789
2051	ENSMUSG00000028826	chr4	-	134802758	134806691
2054	ENSMUSG00000037242	chr4	-	135223463	135226149
2055	ENSMUSG00000028898	chr4	-	132325207	132326045
2059	ENSMUSG00000036438	chr17	-	87435603	87435934
2063	ENSMUSG00000040860	chr4	-	141017853	141018381
2064	ENSMUSG00000040860	chr4	-	141019707	141020489
2065	ENSMUSG00000028923	chr4	-	141073507	141073779
2066	ENSMUSG00000073795	chr7	-	139978033	139978723
2071	ENSMUSG00000043085	chr4	-	141614944	141616621
2072	ENSMUSG00000043085	chr4	-	141614944	141616621
2073	ENSMUSG00000004394	chr11	-	6274397	6274870
2078	ENSMUSG00000079553	chr17	-	33884588	33885218
2079	ENSMUSG00000029022	chr4	-	147862437	147862949
2080	ENSMUSG00000041459	chr4	-	148612381	148618791
2081	ENSMUSG00000041459	chr4	-	148612381	148618791
2082	ENSMUSG00000041459	chr4	-	148612381	148618791
2083	ENSMUSG00000028975	chr4	-	148967523	148970635
2084	ENSMUSG00000045031	chr3	-	37310292	37312446
2086	ENSMUSG00000078350	chr4	-	154024066	154025621
2087	ENSMUSG00000078350	chr4	-	154024066	154025621
2088	ENSMUSG00000042042	chr6	-	118124311	118126338
2090	ENSMUSG00000029055	chr4	-	154983366	154985392
2091	ENSMUSG00000029055	chr4	-	154985365	154987016
2092	ENSMUSG00000029055	chr4	-	154985365	154987016
2099	ENSMUSG00000051557	chr4	-	155891051	155891415
2102	ENSMUSG00000064068	chr3	-	89210106	89210448
2103	ENSMUSG00000064068	chr3	-	89212682	89212946
2106	ENSMUSG00000041936	chr4	-	156167776	156168569
2107	ENSMUSG00000041936	chr4	-	156173002	156173680
2111	ENSMUSG00000068115	chr2	-	150966077	150966364
2117	ENSMUSG00000029014	chr5	-	21761540	21763515
2118	ENSMUSG00000029012	chr5	-	22526362	22526583
2122	ENSMUSG00000028959	chr5	-	24441527	24441823
2123	ENSMUSG00000028959	chr5	-	24441923	24442395
2124	ENSMUSG00000028959	chr5	-	24443894	24444395
2125	ENSMUSG00000055235	chr5	-	24712849	24715661
2126	ENSMUSG00000009687	chr7	-	31032729	31035283
2127	ENSMUSG00000062372	chr5	-	30383030	30383673
2133	ENSMUSG00000106864	chr5	-	31159433	31159861
2134	ENSMUSG00000106864	chr5	-	31167988	31168478
2142	ENSMUSG00000038564	chr5	-	31285762	31286117
2143	ENSMUSG00000023452	chr5	-	32738781	32739373
2144	ENSMUSG00000023452	chr5	-	32738781	32739373
2147	ENSMUSG00000005299	chr5	-	33745015	33746374
2149	ENSMUSG00000037916	chr19	-	4011101	4011424
2152	ENSMUSG00000036553	chr5	-	35699710	35700407
2153	ENSMUSG00000029192	chr5	-	36507577	36508431
2155	ENSMUSG00000040669	chr6	-	122321871	122322472
2161	ENSMUSG00000037971	chr9	-	50764223	50764926
2162	ENSMUSG00000037971	chr9	-	50764223	50764926
2163	ENSMUSG00000005103	chr5	-	38545673	38547091
2164	ENSMUSG00000045679	chr12	-	16992277	16993573
2165	ENSMUSG00000045679	chr12	-	16997633	16997856
2169	ENSMUSG00000092060	chr5	-	67392147	67400301
2170	ENSMUSG00000092060	chr5	-	67392147	67400301
2172	ENSMUSG00000026972	chr2	-	24925755	24926448
2173	ENSMUSG00000055923	chr5	-	76888029	76888834
2174	ENSMUSG00000029246	chr5	-	76919370	76919907
2175	ENSMUSG00000060601	chr7	-	44551954	44552620
2176	ENSMUSG00000060601	chr7	-	44551954	44552620
2177	ENSMUSG00000060601	chr7	-	44553578	44553923
2178	ENSMUSG00000060601	chr7	-	44553578	44553923
2185	ENSMUSG00000057335	chr1	-	176733661	176736895
2186	ENSMUSG00000057335	chr1	-	176769232	176769870
2187	ENSMUSG00000035325	chr5	-	100363376	100363947
2192	ENSMUSG00000035234	chr5	-	100805191	100806489
2193	ENSMUSG00000029782	chr6	-	30506785	30508512
2194	ENSMUSG00000047193	chr9	-	7168458	7169709
2196	ENSMUSG00000034438	chr5	-	105017678	105018842
2199	ENSMUSG00000049606	chr5	-	106635609	106638635
2200	ENSMUSG00000043410	chr5	-	106902921	106904358
2202	ENSMUSG00000004815	chr5	-	108649586	108649925
2203	ENSMUSG00000004815	chr5	-	108649824	108650379
2204	ENSMUSG00000004815	chr5	-	108650489	108650968
2205	ENSMUSG00000004815	chr5	-	108655289	108655593
2206	ENSMUSG00000032413	chr9	-	96566015	96568487
2208	ENSMUSG00000029503	chr5	-	110339811	110340582
2209	ENSMUSG00000029503	chr5	-	110341550	110341854
2216	ENSMUSG00000047617	chr2	-	25459484	25459859
2217	ENSMUSG00000047617	chr2	-	25459774	25460357
2218	ENSMUSG00000047617	chr2	-	25460008	25460357
2219	ENSMUSG00000047617	chr2	-	25460444	25460715
2220	ENSMUSG00000029363	chr5	-	117381835	117382465
2225	ENSMUSG00000051811	chr7	-	4752723	4753023
2228	ENSMUSG00000043733	chr5	-	121152474	121154526
2229	ENSMUSG00000042726	chr5	-	121373137	121374067
2230	ENSMUSG00000042726	chr5	-	121375015	121375872
2234	ENSMUSG00000042594	chr5	-	121818464	121818854
2235	ENSMUSG00000042594	chr5	-	121818464	121818854
2236	ENSMUSG00000029472	chr5	-	122791607	122791934
2237	ENSMUSG00000029472	chr5	-	122791607	122791934
2238	ENSMUSG00000029472	chr5	-	122799338	122800593
2243	ENSMUSG00000038095	chr5	-	124400961	124401276
2244	ENSMUSG00000038095	chr5	-	124405568	124407187
2247	ENSMUSG00000026309	chr1	-	91387214	91388464
2248	ENSMUSG00000026309	chr1	-	91387214	91388464
2249	ENSMUSG00000031171	chrX	-	8250395	8250638
2250	ENSMUSG00000070493	chr5	-	129882428	129884183
2251	ENSMUSG00000015950	chr5	-	134220259	134222175
2252	ENSMUSG00000015950	chr5	-	134220259	134222175
2257	ENSMUSG00000039886	chr5	-	135736596	135736835
2259	ENSMUSG00000029703	chr5	-	136132305	136133079
2260	ENSMUSG00000029703	chr5	-	136132305	136134050
2261	ENSMUSG00000029703	chr5	-	136133304	136134050
2262	ENSMUSG00000029703	chr5	-	136133304	136134050
2268	ENSMUSG00000029713	chr5	-	137529003	137529509
2269	ENSMUSG00000029713	chr5	-	137529845	137530290
2270	ENSMUSG00000029718	chr5	-	137605722	137607107
2274	ENSMUSG00000044894	chr11	-	53430535	53430827
2276	ENSMUSG00000036948	chr5	-	138260834	138261716
2277	ENSMUSG00000036948	chr5	-	138262169	138262744
2278	ENSMUSG00000006675	chr9	-	108582990	108583832
2279	ENSMUSG00000036718	chr5	-	139708885	139709589
2280	ENSMUSG00000029547	chr5	-	139775331	139775674
2282	ENSMUSG00000036555	chr5	-	140674336	140677506
2284	ENSMUSG00000029580	chr5	-	142905236	142905476
2285	ENSMUSG00000039244	chr5	-	143311710	143314399
2286	ENSMUSG00000051306	chr5	-	143714601	143716671
2287	ENSMUSG00000038780	chr5	-	144880624	144881819
2288	ENSMUSG00000038780	chr5	-	144880624	144881819
2290	ENSMUSG00000049676	chr7	-	29185187	29185593
2291	ENSMUSG00000049676	chr7	-	29189946	29190789
2292	ENSMUSG00000049676	chr7	-	29190212	29190635
2293	ENSMUSG00000049676	chr7	-	29190212	29190789
2294	ENSMUSG00000049676	chr7	-	29198112	29198408
2295	ENSMUSG00000020831	chr11	-	70235205	70235800
2297	ENSMUSG00000027366	chr2	-	126919638	126920414
2298	ENSMUSG00000001687	chr5	-	148552156	148552789
2299	ENSMUSG00000041560	chr7	-	15937837	15938230
2304	ENSMUSG00000032815	chr8	-	123313020	123313373
2308	ENSMUSG00000052142	chr17	-	32392045	32392788
2309	ENSMUSG00000052142	chr17	-	32403055	32403581
2310	ENSMUSG00000018999	chr6	-	34163588	34166423
2315	ENSMUSG00000029687	chr6	-	47540676	47542406
2316	ENSMUSG00000037470	chr1	-	36162204	36163410
2317	ENSMUSG00000020745	chr11	-	74673948	74679614
2318	ENSMUSG00000020745	chr11	-	74684405	74686064
2328	ENSMUSG00000018068	chr11	-	86242912	86244629
2329	ENSMUSG00000033581	chr16	-	22063581	22065167
2330	ENSMUSG00000053553	chr5	-	139359738	139361388
2331	ENSMUSG00000089832	chr7	-	27355400	27355626
2332	ENSMUSG00000073002	chr6	-	72368048	72369470
2334	ENSMUSG00000068329	chr6	-	83052697	83053070
2335	ENSMUSG00000068329	chr6	-	83052697	83053070
2336	ENSMUSG00000068329	chr6	-	83052697	83053070
2337	ENSMUSG00000068329	chr6	-	83052697	83053070
2338	ENSMUSG00000026121	chr1	-	36551725	36552149
2339	ENSMUSG00000030035	chr6	-	83119044	83120044
2340	ENSMUSG00000030035	chr6	-	83120184	83120873
2341	ENSMUSG00000030032	chr6	-	83153516	83154975
2342	ENSMUSG00000030032	chr6	-	83156174	83156397
2344	ENSMUSG00000033769	chr6	-	84854700	84855546
2345	ENSMUSG00000033769	chr6	-	85003047	85003285
2346	ENSMUSG00000033735	chr6	-	85136822	85137113
2347	ENSMUSG00000068299	chr6	-	85899050	85901613
2350	ENSMUSG00000030057	chr6	-	87845121	87845557
2351	ENSMUSG00000030057	chr6	-	87845121	87845557
2352	ENSMUSG00000030057	chr6	-	87845121	87845793
2363	ENSMUSG00000048930	chr6	-	113376891	113377739
2364	ENSMUSG00000051169	chr6	-	113417140	113417411
2366	ENSMUSG00000000441	chr6	-	115620208	115621862
2367	ENSMUSG00000019194	chr7	-	31116523	31117295
2372	ENSMUSG00000055003	chr6	-	119323648	119324408
2376	ENSMUSG00000004268	chr6	-	124704938	124705216
2377	ENSMUSG00000004266	chr6	-	124720706	124721222
2378	ENSMUSG00000038429	chr6	-	124816983	124817471
2379	ENSMUSG00000023439	chr6	-	124839366	124839750
2385	ENSMUSG00000056919	chr9	-	87238353	87239933
2386	ENSMUSG00000026659	chr1	-	170880129	170881041
2388	ENSMUSG00000047767	chr7	-	101291486	101291999
2389	ENSMUSG00000047767	chr7	-	101291486	101291999
2390	ENSMUSG00000047767	chr7	-	101292107	101292424
2391	ENSMUSG00000047767	chr7	-	101296507	101297008
2392	ENSMUSG00000043541	chr6	-	145174833	145177500
2400	ENSMUSG00000019254	chr7	-	4483473	4483733
2401	ENSMUSG00000019254	chr7	-	4484449	4484771
2402	ENSMUSG00000032503	chr9	-	112155417	112157798
2403	ENSMUSG00000032503	chr9	-	112187589	112187926
2404	ENSMUSG00000078784	chr3	-	14606288	14607293
2405	ENSMUSG00000047554	chr7	-	109985961	109986259
2406	ENSMUSG00000032182	chr9	-	21588708	21589760
2407	ENSMUSG00000032182	chr9	-	21592527	21592831
2408	ENSMUSG00000032182	chr9	-	21592527	21592831
2415	ENSMUSG00000090231	chr17	-	34856879	34857136
2418	ENSMUSG00000020899	chr11	-	68992915	68993458
2419	ENSMUSG00000005580	chr16	-	4417852	4419588
2422	ENSMUSG00000002984	chr7	-	19703065	19703391
2424	ENSMUSG00000026469	chr1	-	155330337	155332386
2427	ENSMUSG00000032609	chr9	-	108448825	108449291
2428	ENSMUSG00000007880	chr4	-	133695571	133696156
2429	ENSMUSG00000040703	chr7	-	25802474	25804057
2431	ENSMUSG00000020477	chr11	-	5707297	5707555
2433	ENSMUSG00000030603	chr7	-	28042338	28042726
2439	ENSMUSG00000037239	chr7	-	29166526	29167973
2442	ENSMUSG00000078762	chr7	-	30659062	30659413
2444	ENSMUSG00000036634	chr7	-	30908975	30909272
2445	ENSMUSG00000036634	chr7	-	30911400	30911963
2447	ENSMUSG00000001249	chr7	-	31103153	31103423
2448	ENSMUSG00000038056	chr5	-	25275899	25276256
2449	ENSMUSG00000030493	chr7	-	35394974	35395376
2450	ENSMUSG00000002068	chr7	-	38106278	38106683
2451	ENSMUSG00000100600	chr7	-	40874937	40875738
2452	ENSMUSG00000038520	chr7	-	44841982	44842300
2453	ENSMUSG00000038520	chr7	-	44841982	44842300
2454	ENSMUSG00000038520	chr7	-	44842815	44843111
2463	ENSMUSG00000030838	chr7	-	46200973	46201422
2465	ENSMUSG00000005150	chr8	-	85076023	85076284
2466	ENSMUSG00000005150	chr8	-	85079580	85080225
2467	ENSMUSG00000005150	chr8	-	85079788	85080225
2468	ENSMUSG00000005150	chr8	-	85079580	85080225
2469	ENSMUSG00000005150	chr8	-	85079580	85080225
2470	ENSMUSG00000005150	chr8	-	85079580	85080225
2471	ENSMUSG00000005150	chr8	-	85079788	85080225
2473	ENSMUSG00000030554	chr7	-	67730160	67736906
2474	ENSMUSG00000027829	chr3	-	65947896	65948403
2475	ENSMUSG00000027829	chr3	-	65948690	65950544
2480	ENSMUSG00000039176	chr7	-	79449381	79450037
2481	ENSMUSG00000039176	chr7	-	79451859	79452229
2482	ENSMUSG00000039176	chr7	-	79454038	79454711
2483	ENSMUSG00000047507	chr17	-	25245136	25245395
2484	ENSMUSG00000047507	chr17	-	25247309	25247608
2485	ENSMUSG00000032590	chr9	-	108088260	108089569
2486	ENSMUSG00000032590	chr9	-	108091242	108091889
2487	ENSMUSG00000032590	chr9	-	108091970	108092179
2488	ENSMUSG00000032590	chr9	-	108092275	108092717
2489	ENSMUSG00000032590	chr9	-	108092806	108093074
2492	ENSMUSG00000064127	chrX	-	12706298	12706692
2493	ENSMUSG00000030214	chr6	-	136616926	136617402
2494	ENSMUSG00000030744	chr7	-	99482260	99482700
2497	ENSMUSG00000064307	chr7	-	101912988	101913583
2498	ENSMUSG00000064307	chr7	-	101915561	101915767
2500	ENSMUSG00000032580	chr9	-	107751718	107751953
2501	ENSMUSG00000032580	chr9	-	107756908	107760391
2508	ENSMUSG00000036862	chr7	-	105757265	105757741
2511	ENSMUSG00000028114	chr3	-	123368296	123371485
2514	ENSMUSG00000030751	chr7	-	114274025	114274460
2516	ENSMUSG00000030929	chr7	-	119786738	119787485
2517	ENSMUSG00000030929	chr7	-	119790233	119791228
2518	ENSMUSG00000030871	chr7	-	122044301	122044666
2519	ENSMUSG00000030871	chr7	-	122046623	122048574
2520	ENSMUSG00000000131	chr7	-	126107070	126108623
2522	ENSMUSG00000034218	chr9	-	53533659	53533966
2531	ENSMUSG00000030846	chr7	-	128443806	128444404
2532	ENSMUSG00000040331	chr7	-	130533576	130533861
2534	ENSMUSG00000025468	chr7	-	140069879	140070664
2539	ENSMUSG00000025498	chr7	-	141264492	141264783
2540	ENSMUSG00000025498	chr7	-	141264492	141264783
2541	ENSMUSG00000019082	chr7	-	141432020	141432753
2542	ENSMUSG00000019082	chr7	-	141432020	141432753
2543	ENSMUSG00000019082	chr7	-	141432020	141432753
2544	ENSMUSG00000019082	chr7	-	141434155	141434329
2545	ENSMUSG00000025507	chr7	-	141439077	141439491
2546	ENSMUSG00000025507	chr7	-	141440002	141440366
2547	ENSMUSG00000025507	chr7	-	141441172	141441529
2548	ENSMUSG00000025507	chr7	-	141441172	141441529
2549	ENSMUSG00000025507	chr7	-	141441611	141442564
2550	ENSMUSG00000025507	chr7	-	141441611	141442564
2551	ENSMUSG00000025507	chr7	-	141441611	141442564
2552	ENSMUSG00000025507	chr7	-	141442150	141443356
2553	ENSMUSG00000025512	chr7	-	141522608	141527705
2555	ENSMUSG00000019470	chr8	-	3613158	3613499
2556	ENSMUSG00000004630	chr8	-	3623376	3624632
2560	ENSMUSG00000000759	chr8	-	12624817	12625113
2561	ENSMUSG00000000759	chr8	-	12637666	12639715
2562	ENSMUSG00000000759	chr8	-	12648620	12649822
2567	ENSMUSG00000071103	chr8	-	45973503	45975252
2569	ENSMUSG00000038102	chr8	-	47513282	47513808
2570	ENSMUSG00000038102	chr8	-	47513282	47513959
2571	ENSMUSG00000004319	chr8	-	60922789	60927418
2573	ENSMUSG00000031604	chr8	-	64722463	64723736
2577	ENSMUSG00000003575	chr8	-	70391860	70392163
2578	ENSMUSG00000003575	chr8	-	70392921	70397954
2588	ENSMUSG00000070000	chr8	-	71708925	71709385
2589	ENSMUSG00000070000	chr8	-	71717141	71717510
2590	ENSMUSG00000050711	chr1	-	79434668	79437018
2597	ENSMUSG00000053693	chr8	-	84916552	84917974
2598	ENSMUSG00000053693	chr8	-	84920796	84921232
2599	ENSMUSG00000053693	chr8	-	84923728	84924113
2600	ENSMUSG00000053693	chr8	-	84925274	84925541
2602	ENSMUSG00000022960	chr16	-	91682515	91682821
2604	ENSMUSG00000052593	chr12	-	21329053	21330163
2605	ENSMUSG00000052593	chr12	-	21329053	21330163
2606	ENSMUSG00000020776	chr11	-	116144432	116145760
2607	ENSMUSG00000020776	chr11	-	116147903	116148228
2608	ENSMUSG00000031819	chr8	-	120658527	120659074
2609	ENSMUSG00000031816	chr8	-	121098707	121099152
2610	ENSMUSG00000031816	chr8	-	121101423	121103004
2611	ENSMUSG00000040029	chr6	-	148770682	148775093
2616	ENSMUSG00000029202	chr5	-	65627084	65627764
2617	ENSMUSG00000001062	chr8	-	123245113	123245712
2618	ENSMUSG00000001062	chr8	-	123248153	123248676
2622	ENSMUSG00000046111	chr9	-	15316914	15317593
2623	ENSMUSG00000046111	chr9	-	15317458	15317767
2624	ENSMUSG00000066892	chr9	-	20642023	20644755
2627	ENSMUSG00000024190	chr17	-	26506984	26507719
2629	ENSMUSG00000031995	chr9	-	31106013	31106874
2630	ENSMUSG00000039048	chr9	-	35209037	35210165
2632	ENSMUSG00000011114	chr9	-	37652614	37653169
2633	ENSMUSG00000011114	chr9	-	37654215	37655092
2634	ENSMUSG00000028028	chr3	-	127684341	127686343
2635	ENSMUSG00000041319	chr17	-	23668975	23669306
2636	ENSMUSG00000040111	chr9	-	40293232	40298079
2643	ENSMUSG00000034908	chr9	-	45945143	45945359
2644	ENSMUSG00000040219	chr9	-	49471861	49472543
2645	ENSMUSG00000032064	chr9	-	50682032	50682626
2646	ENSMUSG00000047021	chr1	-	74922927	74925167
2647	ENSMUSG00000032030	chr9	-	53632272	53633839
2648	ENSMUSG00000032030	chr9	-	53642517	53642826
2651	ENSMUSG00000025722	chr7	-	80890723	80893341
2652	ENSMUSG00000025722	chr7	-	80900643	80901232
2657	ENSMUSG00000029617	chr5	-	143998162	143998605
2658	ENSMUSG00000029617	chr5	-	144011030	144011529
2659	ENSMUSG00000029617	chr5	-	144012993	144014877
2660	ENSMUSG00000063268	chr15	-	76241657	76242639
2661	ENSMUSG00000032128	chr9	-	37416696	37417502
2662	ENSMUSG00000032128	chr9	-	37416696	37417801
2663	ENSMUSG00000032128	chr9	-	37421818	37422340
2667	ENSMUSG00000014601	chr3	-	107615760	107616608
2668	ENSMUSG00000090626	chr9	-	72479923	72480775
2669	ENSMUSG00000090626	chr9	-	72491738	72491956
2673	ENSMUSG00000002109	chr2	-	91234107	91234951
2674	ENSMUSG00000008028	chr7	-	44362651	44363015
2676	ENSMUSG00000062270	chr9	-	90097371	90100523
2680	ENSMUSG00000032553	chr9	-	103197537	103198866
2684	ENSMUSG00000029054	chr4	-	155385934	155387291
2685	ENSMUSG00000023262	chr9	-	106434964	106435169
2686	ENSMUSG00000023262	chr9	-	106436125	106436800
2687	ENSMUSG00000042210	chr9	-	106445525	106445829
2688	ENSMUSG00000023249	chr9	-	106473432	106473833
2689	ENSMUSG00000023249	chr9	-	106474396	106474868
2690	ENSMUSG00000023249	chr9	-	106474396	106474868
2691	ENSMUSG00000023192	chr9	-	106647150	106648226
2692	ENSMUSG00000032579	chr9	-	107336571	107337378
2696	ENSMUSG00000041528	chr9	-	108069171	108069801
2697	ENSMUSG00000041528	chr9	-	108069171	108069801
2707	ENSMUSG00000018287	chr11	-	70664319	70664667
2708	ENSMUSG00000018287	chr11	-	70664987	70665364
2709	ENSMUSG00000018287	chr11	-	70664987	70665364
2711	ENSMUSG00000051391	chr5	-	135908408	135911651
2715	ENSMUSG00000031146	chrX	-	7669414	7669758
2717	ENSMUSG00000039231	chrX	-	8063695	8064057
2718	ENSMUSG00000031167	chrX	-	8143847	8144679
2719	ENSMUSG00000039201	chrX	-	8156315	8156778
